{
  "type": "FeatureCollection",
  "name": "IEAT_eMonitoring",
  "crs": {
    "type": "name",
    "properties": {
      "name": "urn:ogc:def:crs:OGC:1.3:CRS84"
    }
  },
  "features": [
    {
      "type": "Feature",
      "geometry": {
        "type": "Point",
        "coordinates": [
          101.090831,
          13.46262
        ]
      },
      "properties": {
        "Code": "2",
        "StationShort": "Pan Thong",
        "StationTH": "สถานีตรวจวัดคุณภาพอากาศ บริเวณโรงเรียนพานทอง (อมตะนคร)",
        "StationEN": "Pan Thong",
        "IndustryZone": "อมตะซิตี้ ชลบุรี",
        "Zone": "สายปฏิบัติการ 2",
        "StationType": "AIR QUALITY",
        "TimeBase": null,
        "LastUpdate": "2026-07-04 15:00",
        "LastUpdate_TH": "4 ก.ค. 2569, 15:00",
        "LastUpdate_EN": "04 Jul,2026 15:00",
        "StationActive": "2017-07-01 02:00",
        "Status": "OFFLINE (43 วัน)",
        "Comment": "มีปัญหาการเชื่อมข้อมูล ไม่มีการอัปเดตตั้งแต่วันที่ 30/5/2569",
        "GroupCode": "15",
        "WD": null,
        "WS": null,
        "TEMP": null,
        "RH": null,
        "BP": null,
        "RAIN": null,
        "SRAD": 45.2,
        "PM25": null,
        "PM10": null,
        "TSP": null,
        "SO2": null,
        "NO2": null,
        "NOx": null,
        "NO": null,
        "CO": null,
        "AQI": null,
        "H2S": null,
        "CH4": null,
        "NMHC": null,
        "THC": null
      }
    },
    {
      "type": "Feature",
      "geometry": {
        "type": "Point",
        "coordinates": [
          101.114346,
          13.453382
        ]
      },
      "properties": {
        "Code": "3",
        "StationShort": "Wad Aom Kaew",
        "StationTH": "สถานีตรวจวัดคุณภาพอากาศ บริเวณวัดอ้อมแก้ว (อมตะนคร)",
        "StationEN": "Wad Aom Kaew",
        "IndustryZone": "อมตะซิตี้ ชลบุรี",
        "Zone": "สายปฏิบัติการ 2",
        "StationType": "AIR QUALITY",
        "TimeBase": null,
        "LastUpdate": "2026-05-30 10:00",
        "LastUpdate_TH": "30 พ.ค. 2569, 10:00",
        "LastUpdate_EN": "30 May,2026 10:00",
        "StationActive": "2017-07-01 02:00",
        "Status": "OFFLINE (78 วัน)",
        "Comment": "มีปัญหาการเชื่อมข้อมูล ไม่มีการอัปเดตตั้งแต่วันที่ 30/5/2569",
        "GroupCode": "15",
        "WD": 188.01,
        "WS": 1.08,
        "TEMP": 30.15,
        "RH": 78.9,
        "BP": 1.0,
        "RAIN": 6.0,
        "SRAD": 220.18,
        "PM25": null,
        "PM10": 28.73,
        "TSP": 37.17,
        "SO2": 5.52,
        "NO2": 0.0,
        "NOx": 0.0,
        "NO": 0.0,
        "CO": null,
        "AQI": null,
        "H2S": null,
        "CH4": null,
        "NMHC": null,
        "THC": null
      }
    },
    {
      "type": "Feature",
      "geometry": {
        "type": "Point",
        "coordinates": [
          101.037942,
          13.440382
        ]
      },
      "properties": {
        "Code": "6",
        "StationShort": "Wad Mab Sam Kleaw",
        "StationTH": "สถานีตรวจวัดคุณภาพอากาศ บริเวณวัดมาบสามเกลียว",
        "StationEN": "Wad Mab Sam Kleaw",
        "IndustryZone": "อมตะซิตี้ ชลบุรี",
        "Zone": "สายปฏิบัติการ 2",
        "StationType": "AIR QUALITY",
        "TimeBase": null,
        "LastUpdate": "2026-05-30 10:00",
        "LastUpdate_TH": "30 พ.ค. 2569, 10:00",
        "LastUpdate_EN": "30 May,2026 10:00",
        "StationActive": "2017-04-08 11:00",
        "Status": "OFFLINE (78 วัน)",
        "Comment": "มีปัญหาการเชื่อมข้อมูล ไม่มีการอัปเดตตั้งแต่วันที่ 30/5/2569",
        "GroupCode": "15",
        "WD": 174.57,
        "WS": 1.37,
        "TEMP": 28.59,
        "RH": 93.93,
        "BP": 995.7,
        "RAIN": 1.0,
        "SRAD": 36.39,
        "PM25": null,
        "PM10": 32.79,
        "TSP": 29.58,
        "SO2": 2.55,
        "NO2": 15.96,
        "NOx": 22.72,
        "NO": 6.77,
        "CO": null,
        "AQI": null,
        "H2S": null,
        "CH4": null,
        "NMHC": null,
        "THC": null
      }
    },
    {
      "type": "Feature",
      "geometry": {
        "type": "Point",
        "coordinates": [
          101.016393,
          13.410576
        ]
      },
      "properties": {
        "Code": "7",
        "StationShort": "Wad U Taphao",
        "StationTH": "สถานีตรวจวัดคุณภาพอากาศ บริเวณวัดอู่ตะเภา",
        "StationEN": "Wad U Taphao",
        "IndustryZone": "อมตะซิตี้ ชลบุรี",
        "Zone": "สายปฏิบัติการ 2",
        "StationType": "AIR QUALITY",
        "TimeBase": null,
        "LastUpdate": "2026-05-30 10:00",
        "LastUpdate_TH": "30 พ.ค. 2569, 10:00",
        "LastUpdate_EN": "30 May,2026 10:00",
        "StationActive": "2017-07-01 02:00",
        "Status": "OFFLINE (78 วัน)",
        "Comment": "มีปัญหาการเชื่อมข้อมูล ไม่มีการอัปเดตตั้งแต่วันที่ 30/5/2569",
        "GroupCode": "15",
        "WD": 187.12,
        "WS": 1.44,
        "TEMP": 30.23,
        "RH": 69.49,
        "BP": 1.0,
        "RAIN": 0.0,
        "SRAD": 59.78,
        "PM25": null,
        "PM10": 14.72,
        "TSP": 21.45,
        "SO2": 1.88,
        "NO2": 6.48,
        "NOx": 7.89,
        "NO": 1.41,
        "CO": null,
        "AQI": null,
        "H2S": null,
        "CH4": null,
        "NMHC": null,
        "THC": null
      }
    },
    {
      "type": "Feature",
      "geometry": {
        "type": "Point",
        "coordinates": [
          101.132856,
          12.990026
        ]
      },
      "properties": {
        "Code": "8",
        "StationShort": "Mab Yang Pon",
        "StationTH": "สถานีตรวจวัดคุณภาพอากาศ บริเวณ ร.พ.เสริมสุขภาพตําบลมาบยางพร",
        "StationEN": "Mab Yang Pon",
        "IndustryZone": "อมตะซิตี้ ระยอง",
        "Zone": "สายปฏิบัติการ 2",
        "StationType": "AIR QUALITY",
        "TimeBase": null,
        "LastUpdate": "2026-05-30 10:00",
        "LastUpdate_TH": "30 พ.ค. 2569, 10:00",
        "LastUpdate_EN": "30 May,2026 10:00",
        "StationActive": "2017-07-19 08:00",
        "Status": "OFFLINE (78 วัน)",
        "Comment": "มีปัญหาการเชื่อมข้อมูล ไม่มีการอัปเดตตั้งแต่วันที่ 30/5/2569",
        "GroupCode": "14",
        "WD": 235.62,
        "WS": 0.57,
        "TEMP": 32.12,
        "RH": 76.66,
        "BP": 998.33,
        "RAIN": 0.0,
        "SRAD": 492.43,
        "PM25": null,
        "PM10": 36.92,
        "TSP": 52.81,
        "SO2": 4.94,
        "NO2": 6.22,
        "NOx": 8.6,
        "NO": 2.22,
        "CO": null,
        "AQI": null,
        "H2S": null,
        "CH4": null,
        "NMHC": null,
        "THC": null
      }
    },
    {
      "type": "Feature",
      "geometry": {
        "type": "Point",
        "coordinates": [
          100.58201092199721,
          14.212023893086414
        ]
      },
      "properties": {
        "Code": "9",
        "StationShort": "Bangpain",
        "StationTH": "สถานีตรวจวัดคุณภาพอากาศ บริเวณบางปะอิน (บางปะอิน)",
        "StationEN": "Bangpain",
        "IndustryZone": "บางปะอิน",
        "Zone": "สายปฏิบัติการ 1",
        "StationType": "AIR QUALITY",
        "TimeBase": null,
        "LastUpdate": "2025-07-01 15:00",
        "LastUpdate_TH": "1 ก.ค. 2568, 15:00",
        "LastUpdate_EN": "01 Jul,2025 15:00",
        "StationActive": "2017-02-16 12:00",
        "Status": "OFFLINE (411 วัน)",
        "Comment": "อยู่ระหว่างตรวจสอบหาสาเหตุ ไม่มีการอัปเดตตั้งแต่วันที่ 2/7/2568",
        "GroupCode": "13",
        "WD": 175.34,
        "WS": 1.08,
        "TEMP": 34.19,
        "RH": 77.69,
        "BP": null,
        "RAIN": null,
        "SRAD": null,
        "PM25": null,
        "PM10": null,
        "TSP": null,
        "SO2": 0.19,
        "NO2": null,
        "NOx": null,
        "NO": null,
        "CO": null,
        "AQI": null,
        "H2S": null,
        "CH4": null,
        "NMHC": null,
        "THC": null
      }
    },
    {
      "type": "Feature",
      "geometry": {
        "type": "Point",
        "coordinates": [
          101.107161,
          12.918349
        ]
      },
      "properties": {
        "Code": "14",
        "StationShort": "Pana Nikom",
        "StationTH": "สถานีตรวจวัดคุณภาพอากาศ บริเวณวัดพนานิคม (อมตะซิตี้)",
        "StationEN": "Pana Nikom",
        "IndustryZone": "อมตะซิตี้ ระยอง",
        "Zone": "สายปฏิบัติการ 2",
        "StationType": "AIR QUALITY",
        "TimeBase": null,
        "LastUpdate": "2024-07-06 13:00",
        "LastUpdate_TH": "6 ก.ค. 2567, 13:00",
        "LastUpdate_EN": "06 Jul,2024 13:00",
        "StationActive": "2017-07-19 14:00",
        "Status": "OFFLINE (771 วัน)",
        "Comment": "เครื่องตรวจวัดชำรุด\nอยู่ระหว่างรองบประมาณซ่อมบำรุง\nไม่มีการอัปเดตตั้งแต่วันที่ 6/7/2567",
        "GroupCode": "14",
        "WD": 235.68,
        "WS": 1.06,
        "TEMP": 31.97,
        "RH": 74.16,
        "BP": 992.91,
        "RAIN": 0.0,
        "SRAD": 1.0,
        "PM25": null,
        "PM10": 7.02,
        "TSP": 15.44,
        "SO2": 13.81,
        "NO2": 6.76,
        "NOx": 9.04,
        "NO": 2.28,
        "CO": null,
        "AQI": null,
        "H2S": null,
        "CH4": null,
        "NMHC": null,
        "THC": null
      }
    },
    {
      "type": "Feature",
      "geometry": {
        "type": "Point",
        "coordinates": [
          100.56892,
          14.352696
        ]
      },
      "properties": {
        "Code": "15",
        "StationShort": "PCD21",
        "StationTH": "โรงเรียนอยุธยาวิทยาลัย",
        "StationEN": "PCD21",
        "IndustryZone": null,
        "Zone": "กรมควบคุมมลพิษ",
        "StationType": "AIR QUALITY",
        "TimeBase": null,
        "LastUpdate": "2026-03-02 09:00",
        "LastUpdate_TH": "2 มี.ค. 2569, 09:00",
        "LastUpdate_EN": "02 Mar,2026 09:00",
        "StationActive": "1900-01-01 00:00",
        "Status": "OFFLINE (167 วัน)",
        "Comment": null,
        "GroupCode": "5",
        "WD": null,
        "WS": null,
        "TEMP": null,
        "RH": null,
        "BP": null,
        "RAIN": null,
        "SRAD": null,
        "PM25": null,
        "PM10": null,
        "TSP": null,
        "SO2": null,
        "NO2": null,
        "NOx": null,
        "NO": null,
        "CO": null,
        "AQI": null,
        "H2S": null,
        "CH4": null,
        "NMHC": null,
        "THC": null
      }
    },
    {
      "type": "Feature",
      "geometry": {
        "type": "Point",
        "coordinates": [
          101.202469,
          12.683416
        ]
      },
      "properties": {
        "Code": "32",
        "StationShort": "KrokYaic",
        "StationTH": "สถานีตรวจวัดคุณภาพอากาศ บริเวณโรงเรียนวัดกรอกยายชา",
        "StationEN": "KrokYaiCha",
        "IndustryZone": "มาบตาพุด",
        "Zone": "สายปฏิบัติการ 3",
        "StationType": "AIR QUALITY",
        "TimeBase": null,
        "LastUpdate": "2026-08-16 10:00",
        "LastUpdate_TH": "16 ส.ค. 2569, 10:00",
        "LastUpdate_EN": "16 Aug,2026 10:00",
        "StationActive": "2008-07-21 13:00",
        "Status": "ONLINE",
        "Comment": null,
        "GroupCode": "6",
        "WD": 200.96,
        "WS": 2.09,
        "TEMP": 29.61,
        "RH": 79.21,
        "BP": 1.0,
        "RAIN": null,
        "SRAD": null,
        "PM25": null,
        "PM10": 39.65,
        "TSP": null,
        "SO2": 0.51,
        "NO2": 1.26,
        "NOx": 1.76,
        "NO": 0.5,
        "CO": null,
        "AQI": null,
        "H2S": 0.0,
        "CH4": 1.83,
        "NMHC": 0.13,
        "THC": 1.96
      }
    },
    {
      "type": "Feature",
      "geometry": {
        "type": "Point",
        "coordinates": [
          101.168528,
          12.680425
        ]
      },
      "properties": {
        "Code": "33",
        "StationShort": "A.Takuan",
        "StationTH": "สถานีตรวจวัดคุณภาพอากาศ บริเวณอนามัยตากวน",
        "StationEN": "A.Takuan",
        "IndustryZone": "มาบตาพุด",
        "Zone": "สายปฏิบัติการ 3",
        "StationType": "AIR QUALITY",
        "TimeBase": null,
        "LastUpdate": "2026-08-16 10:00",
        "LastUpdate_TH": "16 ส.ค. 2569, 10:00",
        "LastUpdate_EN": "16 Aug,2026 10:00",
        "StationActive": "2008-07-22 01:00",
        "Status": "ONLINE",
        "Comment": null,
        "GroupCode": "6",
        "WD": 32.03,
        "WS": 312.26,
        "TEMP": 70.38,
        "RH": 1.0,
        "BP": 0.0,
        "RAIN": null,
        "SRAD": null,
        "PM25": null,
        "PM10": 1.83,
        "TSP": null,
        "SO2": 0.03,
        "NO2": 6.44,
        "NOx": 3.04,
        "NO": 3.4,
        "CO": null,
        "AQI": null,
        "H2S": 40.11,
        "CH4": 0.09,
        "NMHC": 1.92,
        "THC": 3.15
      }
    },
    {
      "type": "Feature",
      "geometry": {
        "type": "Point",
        "coordinates": [
          101.173989,
          12.674339
        ]
      },
      "properties": {
        "Code": "38",
        "StationShort": "BLCP A",
        "StationTH": "สถานีตรวจวัดคุณภาพอากาศ บริเวณวัดตากวน",
        "StationEN": "BLCP A",
        "IndustryZone": "มาบตาพุด",
        "Zone": "สายปฏิบัติการ 3",
        "StationType": "AIR QUALITY",
        "TimeBase": null,
        "LastUpdate": "2026-08-16 10:00",
        "LastUpdate_TH": "16 ส.ค. 2569, 10:00",
        "LastUpdate_EN": "16 Aug,2026 10:00",
        "StationActive": "2008-11-05 18:00",
        "Status": "ONLINE",
        "Comment": null,
        "GroupCode": "6",
        "WD": 322.96,
        "WS": 0.96,
        "TEMP": 32.56,
        "RH": null,
        "BP": 759.31,
        "RAIN": null,
        "SRAD": null,
        "PM25": null,
        "PM10": 6.04,
        "TSP": 20.82,
        "SO2": 1.19,
        "NO2": 3.86,
        "NOx": null,
        "NO": null,
        "CO": null,
        "AQI": null,
        "H2S": null,
        "CH4": null,
        "NMHC": null,
        "THC": null
      }
    },
    {
      "type": "Feature",
      "geometry": {
        "type": "Point",
        "coordinates": [
          101.164824,
          12.718879
        ]
      },
      "properties": {
        "Code": "39",
        "StationShort": "BLCP B",
        "StationTH": "สถานีตรวจวัดคุณภาพอากาศ บริเวณชุมชนอิสลาม",
        "StationEN": "BLCP B",
        "IndustryZone": "มาบตาพุด",
        "Zone": "สายปฏิบัติการ 3",
        "StationType": "AIR QUALITY",
        "TimeBase": null,
        "LastUpdate": "2026-08-16 10:00",
        "LastUpdate_TH": "16 ส.ค. 2569, 10:00",
        "LastUpdate_EN": "16 Aug,2026 10:00",
        "StationActive": "2008-11-05 18:00",
        "Status": "ONLINE",
        "Comment": null,
        "GroupCode": "6",
        "WD": 318.45,
        "WS": 4.8,
        "TEMP": 31.4,
        "RH": null,
        "BP": 759.11,
        "RAIN": null,
        "SRAD": null,
        "PM25": null,
        "PM10": 13.87,
        "TSP": 1.99,
        "SO2": 1.41,
        "NO2": 4.46,
        "NOx": null,
        "NO": null,
        "CO": null,
        "AQI": null,
        "H2S": null,
        "CH4": null,
        "NMHC": null,
        "THC": null
      }
    },
    {
      "type": "Feature",
      "geometry": {
        "type": "Point",
        "coordinates": [
          101.169013,
          12.769857
        ]
      },
      "properties": {
        "Code": "40",
        "StationShort": "BLCP C",
        "StationTH": "สถานีตรวจวัดคุณภาพอากาศบ้านพัก ปตท.",
        "StationEN": "BLCP C",
        "IndustryZone": "มาบตาพุด",
        "Zone": "สายปฏิบัติการ 3",
        "StationType": "AIR QUALITY",
        "TimeBase": null,
        "LastUpdate": "2026-08-16 10:00",
        "LastUpdate_TH": "16 ส.ค. 2569, 10:00",
        "LastUpdate_EN": "16 Aug,2026 10:00",
        "StationActive": "2008-11-05 18:00",
        "Status": "ONLINE",
        "Comment": null,
        "GroupCode": "6",
        "WD": 304.74,
        "WS": 3.6,
        "TEMP": 29.49,
        "RH": null,
        "BP": 753.96,
        "RAIN": null,
        "SRAD": null,
        "PM25": null,
        "PM10": 2.05,
        "TSP": 5.95,
        "SO2": 1.7,
        "NO2": 2.78,
        "NOx": null,
        "NO": null,
        "CO": 1.12,
        "AQI": null,
        "H2S": null,
        "CH4": 1.5,
        "NMHC": 0.33,
        "THC": 1.83
      }
    },
    {
      "type": "Feature",
      "geometry": {
        "type": "Point",
        "coordinates": [
          101.127466,
          12.722455
        ]
      },
      "properties": {
        "Code": "41",
        "StationShort": "BLCP D",
        "StationTH": "สถานีตรวจวัดคุณภาพอากาศ บริวเณวัดมาบชลูด",
        "StationEN": "BLCP D",
        "IndustryZone": "มาบตาพุด",
        "Zone": "สายปฏิบัติการ 3",
        "StationType": "AIR QUALITY",
        "TimeBase": null,
        "LastUpdate": "2026-08-16 10:00",
        "LastUpdate_TH": "16 ส.ค. 2569, 10:00",
        "LastUpdate_EN": "16 Aug,2026 10:00",
        "StationActive": "2008-11-05 18:00",
        "Status": "ONLINE",
        "Comment": null,
        "GroupCode": "6",
        "WD": 203.52,
        "WS": 1.67,
        "TEMP": 31.6,
        "RH": null,
        "BP": 756.65,
        "RAIN": null,
        "SRAD": null,
        "PM25": null,
        "PM10": 1.23,
        "TSP": 0.12,
        "SO2": 1.0,
        "NO2": 2.76,
        "NOx": null,
        "NO": null,
        "CO": 0.33,
        "AQI": null,
        "H2S": null,
        "CH4": 1.62,
        "NMHC": 0.35,
        "THC": 1.97
      }
    },
    {
      "type": "Feature",
      "geometry": {
        "type": "Point",
        "coordinates": [
          100.871824,
          14.688046
        ]
      },
      "properties": {
        "Code": "46",
        "StationShort": "PCD24",
        "StationTH": "ต.หน้าพระลาน อ.เฉลิมพระเกียรติ จ.สระบุรี",
        "StationEN": "PCD24",
        "IndustryZone": null,
        "Zone": "กรมควบคุมมลพิษ",
        "StationType": "AIR QUALITY",
        "TimeBase": null,
        "LastUpdate": "2026-03-02 09:00",
        "LastUpdate_TH": "2 มี.ค. 2569, 09:00",
        "LastUpdate_EN": "02 Mar,2026 09:00",
        "StationActive": "1900-01-01 00:00",
        "Status": "OFFLINE (167 วัน)",
        "Comment": null,
        "GroupCode": "5",
        "WD": null,
        "WS": null,
        "TEMP": null,
        "RH": null,
        "BP": null,
        "RAIN": null,
        "SRAD": null,
        "PM25": null,
        "PM10": null,
        "TSP": null,
        "SO2": null,
        "NO2": null,
        "NOx": null,
        "NO": null,
        "CO": null,
        "AQI": null,
        "H2S": null,
        "CH4": null,
        "NMHC": null,
        "THC": null
      }
    },
    {
      "type": "Feature",
      "geometry": {
        "type": "Point",
        "coordinates": [
          100.920057,
          14.530146
        ]
      },
      "properties": {
        "Code": "47",
        "StationShort": "PCD25",
        "StationTH": "สถานีดับเพลิงพระลักษณ์",
        "StationEN": "PCD25",
        "IndustryZone": null,
        "Zone": "กรมควบคุมมลพิษ",
        "StationType": "AIR QUALITY",
        "TimeBase": null,
        "LastUpdate": "2026-03-02 09:00",
        "LastUpdate_TH": "2 มี.ค. 2569, 09:00",
        "LastUpdate_EN": "02 Mar,2026 09:00",
        "StationActive": "1900-01-01 00:00",
        "Status": "OFFLINE (167 วัน)",
        "Comment": null,
        "GroupCode": "5",
        "WD": null,
        "WS": null,
        "TEMP": null,
        "RH": null,
        "BP": null,
        "RAIN": null,
        "SRAD": null,
        "PM25": null,
        "PM10": null,
        "TSP": null,
        "SO2": null,
        "NO2": null,
        "NOx": null,
        "NO": null,
        "CO": null,
        "AQI": null,
        "H2S": null,
        "CH4": null,
        "NMHC": null,
        "THC": null
      }
    },
    {
      "type": "Feature",
      "geometry": {
        "type": "Point",
        "coordinates": [
          101.115388,
          12.685342
        ]
      },
      "properties": {
        "Code": "59",
        "StationShort": "NongFeab",
        "StationTH": "สถานีตรวจวัดคุณภาพอากาศ บริเวณวัดหนองแฟบ",
        "StationEN": "NongFeab",
        "IndustryZone": "มาบตาพุด",
        "Zone": "สายปฏิบัติการ 3",
        "StationType": "AIR QUALITY",
        "TimeBase": null,
        "LastUpdate": "2026-08-16 11:00",
        "LastUpdate_TH": "16 ส.ค. 2569, 11:00",
        "LastUpdate_EN": "16 Aug,2026 11:00",
        "StationActive": "2010-05-30 17:00",
        "Status": "ONLINE",
        "Comment": null,
        "GroupCode": "6",
        "WD": 201.87,
        "WS": 2.35,
        "TEMP": 30.6,
        "RH": 79.45,
        "BP": 1.0,
        "RAIN": null,
        "SRAD": null,
        "PM25": null,
        "PM10": 19.93,
        "TSP": null,
        "SO2": 0.54,
        "NO2": 1.88,
        "NOx": null,
        "NO": null,
        "CO": 0.0,
        "AQI": null,
        "H2S": null,
        "CH4": 3.03,
        "NMHC": 0.22,
        "THC": 3.25
      }
    },
    {
      "type": "Feature",
      "geometry": {
        "type": "Point",
        "coordinates": [
          101.08402,
          12.72183
        ]
      },
      "properties": {
        "Code": "77",
        "StationShort": "Prachumm",
        "StationTH": "สถานีตรวจวัดคุณภาพอากาศ บริเวณชุมชนวัดประชุมมิตรบำรุง",
        "StationEN": "Prachummit",
        "IndustryZone": "มาบตาพุด",
        "Zone": "สายปฏิบัติการ 3",
        "StationType": "AIR QUALITY",
        "TimeBase": null,
        "LastUpdate": "2026-08-16 10:00",
        "LastUpdate_TH": "16 ส.ค. 2569, 10:00",
        "LastUpdate_EN": "16 Aug,2026 10:00",
        "StationActive": "2011-11-01 00:00",
        "Status": "ONLINE",
        "Comment": "ข้อมูลทางฝั่ง emcc mtp ไม่อัปเดต ไม่มีการอัปเดต ตั้งแต่วันที่ 12/8/2569",
        "GroupCode": "6",
        "WD": 216.37,
        "WS": 0.17,
        "TEMP": 29.71,
        "RH": 64.13,
        "BP": 1.0,
        "RAIN": null,
        "SRAD": null,
        "PM25": null,
        "PM10": 64.42,
        "TSP": null,
        "SO2": 0.0,
        "NO2": 2.02,
        "NOx": null,
        "NO": 0.03,
        "CO": 0.04,
        "AQI": null,
        "H2S": null,
        "CH4": 0.0,
        "NMHC": 0.0,
        "THC": 0.0
      }
    },
    {
      "type": "Feature",
      "geometry": {
        "type": "Point",
        "coordinates": [
          101.178715,
          12.756908
        ]
      },
      "properties": {
        "Code": "82",
        "StationShort": "NERN PHY",
        "StationTH": "สถานีตรวจวัดคุณภาพอากาศ บริเวณชุมชนเนินพะยอม",
        "StationEN": "NERN PHYOM",
        "IndustryZone": "มาบตาพุด",
        "Zone": "สายปฏิบัติการ 3",
        "StationType": "AIR QUALITY",
        "TimeBase": "CO",
        "LastUpdate": "2026-08-16 10:00",
        "LastUpdate_TH": "16 ส.ค. 2569, 10:00",
        "LastUpdate_EN": "16 Aug,2026 10:00",
        "StationActive": "2011-07-05 16:00",
        "Status": "ONLINE",
        "Comment": "CO และ O3 เกินค่ามาตรฐาน จำนวน 50 วัน",
        "GroupCode": "6",
        "WD": 0.0,
        "WS": 0.0,
        "TEMP": 0.0,
        "RH": 0.0,
        "BP": 0.0,
        "RAIN": null,
        "SRAD": null,
        "PM25": null,
        "PM10": 31.48,
        "TSP": null,
        "SO2": 0.74,
        "NO2": 7.42,
        "NOx": null,
        "NO": null,
        "CO": 62.71,
        "AQI": null,
        "H2S": null,
        "CH4": 34.89,
        "NMHC": 2.35,
        "THC": 209.35
      }
    },
    {
      "type": "Feature",
      "geometry": {
        "type": "Point",
        "coordinates": [
          101.162895,
          12.733454
        ]
      },
      "properties": {
        "Code": "83",
        "StationShort": "MAPYA",
        "StationTH": "สถานีตรวจวัดคุณภาพอากาศ บริเวณชุมชนมาบยา",
        "StationEN": "MAPYA",
        "IndustryZone": "มาบตาพุด",
        "Zone": "สายปฏิบัติการ 3",
        "StationType": "AIR QUALITY",
        "TimeBase": null,
        "LastUpdate": "2025-08-06 16:00",
        "LastUpdate_TH": "6 ส.ค. 2568, 16:00",
        "LastUpdate_EN": "06 Aug,2025 16:00",
        "StationActive": "2011-06-28 01:00",
        "Status": "OFFLINE (375 วัน)",
        "Comment": "อยู่ระหว่างหาสาเหตุ ไม่มีการอัปเดตข้อมูลตั้งแต่วันที่ 6/8/2568",
        "GroupCode": "6",
        "WD": null,
        "WS": null,
        "TEMP": -52.63,
        "RH": -1.21,
        "BP": 592.34,
        "RAIN": null,
        "SRAD": null,
        "PM25": null,
        "PM10": 32.76,
        "TSP": null,
        "SO2": 7.74,
        "NO2": 14.81,
        "NOx": null,
        "NO": null,
        "CO": null,
        "AQI": null,
        "H2S": null,
        "CH4": null,
        "NMHC": null,
        "THC": null
      }
    },
    {
      "type": "Feature",
      "geometry": {
        "type": "Point",
        "coordinates": [
          100.605667,
          13.66799
        ]
      },
      "properties": {
        "Code": "134",
        "StationShort": "PCD05",
        "StationTH": "แขวงบางนา เขตบางนา กรุงเทพ",
        "StationEN": "PCD05",
        "IndustryZone": null,
        "Zone": "กรมควบคุมมลพิษ",
        "StationType": "AIR QUALITY",
        "TimeBase": null,
        "LastUpdate": "2026-03-01 10:00",
        "LastUpdate_TH": "1 มี.ค. 2569, 10:00",
        "LastUpdate_EN": "01 Mar,2026 10:00",
        "StationActive": "1900-01-01 00:00",
        "Status": "OFFLINE (168 วัน)",
        "Comment": null,
        "GroupCode": "5",
        "WD": null,
        "WS": null,
        "TEMP": null,
        "RH": null,
        "BP": null,
        "RAIN": null,
        "SRAD": null,
        "PM25": null,
        "PM10": null,
        "TSP": null,
        "SO2": null,
        "NO2": null,
        "NOx": null,
        "NO": null,
        "CO": null,
        "AQI": null,
        "H2S": null,
        "CH4": null,
        "NMHC": null,
        "THC": null
      }
    },
    {
      "type": "Feature",
      "geometry": {
        "type": "Point",
        "coordinates": [
          100.636683,
          13.778014
        ]
      },
      "properties": {
        "Code": "135",
        "StationShort": "PCD10",
        "StationTH": "แขวงคลองจั่น เขตบางกะปิ กรุงเทพ",
        "StationEN": "PCD10",
        "IndustryZone": null,
        "Zone": "กรมควบคุมมลพิษ",
        "StationType": "AIR QUALITY",
        "TimeBase": null,
        "LastUpdate": "2023-10-12 09:00",
        "LastUpdate_TH": "12 ต.ค. 2566, 09:00",
        "LastUpdate_EN": "12 Oct,2023 09:00",
        "StationActive": "1900-01-01 00:00",
        "Status": "OFFLINE (1039 วัน)",
        "Comment": null,
        "GroupCode": "5",
        "WD": null,
        "WS": null,
        "TEMP": null,
        "RH": null,
        "BP": null,
        "RAIN": null,
        "SRAD": null,
        "PM25": 11.8,
        "PM10": -1.0,
        "TSP": null,
        "SO2": -1.0,
        "NO2": -1.0,
        "NOx": null,
        "NO": null,
        "CO": -1.0,
        "AQI": 20.0,
        "H2S": null,
        "CH4": null,
        "NMHC": null,
        "THC": null
      }
    },
    {
      "type": "Feature",
      "geometry": {
        "type": "Point",
        "coordinates": [
          100.547714,
          13.707426
        ]
      },
      "properties": {
        "Code": "136",
        "StationShort": "PCD12",
        "StationTH": "แขวงช่องนนทรี เขตยานนาวา กรุงเทพ",
        "StationEN": "PCD12",
        "IndustryZone": null,
        "Zone": "กรมควบคุมมลพิษ",
        "StationType": "AIR QUALITY",
        "TimeBase": null,
        "LastUpdate": "2026-03-02 09:00",
        "LastUpdate_TH": "2 มี.ค. 2569, 09:00",
        "LastUpdate_EN": "02 Mar,2026 09:00",
        "StationActive": "1900-01-01 00:00",
        "Status": "OFFLINE (167 วัน)",
        "Comment": null,
        "GroupCode": "5",
        "WD": null,
        "WS": null,
        "TEMP": null,
        "RH": null,
        "BP": null,
        "RAIN": null,
        "SRAD": null,
        "PM25": null,
        "PM10": null,
        "TSP": null,
        "SO2": null,
        "NO2": null,
        "NOx": null,
        "NO": null,
        "CO": null,
        "AQI": null,
        "H2S": null,
        "CH4": null,
        "NMHC": null,
        "THC": null
      }
    },
    {
      "type": "Feature",
      "geometry": {
        "type": "Point",
        "coordinates": [
          100.538304,
          13.66242
        ]
      },
      "properties": {
        "Code": "137",
        "StationShort": "PCD08",
        "StationTH": "ต.ทรงคนอง อ.พระประแดง จ.สมุทรปราการ",
        "StationEN": "PCD08",
        "IndustryZone": null,
        "Zone": "กรมควบคุมมลพิษ",
        "StationType": "AIR QUALITY",
        "TimeBase": null,
        "LastUpdate": "2026-03-02 09:00",
        "LastUpdate_TH": "2 มี.ค. 2569, 09:00",
        "LastUpdate_EN": "02 Mar,2026 09:00",
        "StationActive": "1900-01-01 00:00",
        "Status": "OFFLINE (167 วัน)",
        "Comment": null,
        "GroupCode": "5",
        "WD": null,
        "WS": null,
        "TEMP": null,
        "RH": null,
        "BP": null,
        "RAIN": null,
        "SRAD": null,
        "PM25": null,
        "PM10": null,
        "TSP": null,
        "SO2": null,
        "NO2": null,
        "NOx": null,
        "NO": null,
        "CO": null,
        "AQI": null,
        "H2S": null,
        "CH4": null,
        "NMHC": null,
        "THC": null
      }
    },
    {
      "type": "Feature",
      "geometry": {
        "type": "Point",
        "coordinates": [
          100.306601,
          13.6997
        ]
      },
      "properties": {
        "Code": "138",
        "StationShort": "PCD14",
        "StationTH": "แขวงการทางสมุทรสาคร",
        "StationEN": "PCD14",
        "IndustryZone": null,
        "Zone": "กรมควบคุมมลพิษ",
        "StationType": "AIR QUALITY",
        "TimeBase": null,
        "LastUpdate": "2026-03-02 09:00",
        "LastUpdate_TH": "2 มี.ค. 2569, 09:00",
        "LastUpdate_EN": "02 Mar,2026 09:00",
        "StationActive": "1900-01-01 00:00",
        "Status": "OFFLINE (167 วัน)",
        "Comment": null,
        "GroupCode": "5",
        "WD": null,
        "WS": null,
        "TEMP": null,
        "RH": null,
        "BP": null,
        "RAIN": null,
        "SRAD": null,
        "PM25": null,
        "PM10": null,
        "TSP": null,
        "SO2": null,
        "NO2": null,
        "NOx": null,
        "NO": null,
        "CO": null,
        "AQI": null,
        "H2S": null,
        "CH4": null,
        "NMHC": null,
        "THC": null
      }
    },
    {
      "type": "Feature",
      "geometry": {
        "type": "Point",
        "coordinates": [
          101.13868013199858,
          12.691842939825772
        ]
      },
      "properties": {
        "Code": "139",
        "StationShort": "MOBILE-IEAT (NO.2) 2023",
        "StationTH": "MOBILE IEAT",
        "StationEN": "MOBILE-IEAT (NO.2) 2023",
        "IndustryZone": "มาบตาพุด",
        "Zone": "สายปฏิบัติการ 3",
        "StationType": "AIR QUALITY",
        "TimeBase": null,
        "LastUpdate": "2026-02-26 15:00",
        "LastUpdate_TH": "26 ก.พ. 2569, 15:00",
        "LastUpdate_EN": "26 Feb,2026 15:00",
        "StationActive": "2020-03-16 17:00",
        "Status": "OFFLINE (171 วัน)",
        "Comment": "อยู่ระหว่างหาสาเหตุ ไม่มีการอัปเดตข้อมูลตั้งแต่วันที่ 26/2/2569",
        "GroupCode": "6",
        "WD": 26.77,
        "WS": 2.36,
        "TEMP": 30.85,
        "RH": 68.26,
        "BP": 1.0,
        "RAIN": 0.0,
        "SRAD": null,
        "PM25": null,
        "PM10": null,
        "TSP": null,
        "SO2": null,
        "NO2": null,
        "NOx": null,
        "NO": null,
        "CO": null,
        "AQI": null,
        "H2S": null,
        "CH4": null,
        "NMHC": null,
        "THC": null
      }
    },
    {
      "type": "Feature",
      "geometry": {
        "type": "Point",
        "coordinates": [
          101.101223,
          12.69404
        ]
      },
      "properties": {
        "Code": "150",
        "StationShort": "ASIA STATION (New)",
        "StationTH": "สถานีตรวจวัดคุณภาพอากาศ นิคมฯ เอเชีย",
        "StationEN": "ASIA AQMS",
        "IndustryZone": "เอเชีย",
        "Zone": "สายปฏิบัติการ 3",
        "StationType": "AIR QUALITY",
        "TimeBase": null,
        "LastUpdate": "2026-08-16 10:00",
        "LastUpdate_TH": "16 ส.ค. 2569, 10:00",
        "LastUpdate_EN": "16 Aug,2026 10:00",
        "StationActive": "2013-05-09 12:00",
        "Status": "ONLINE",
        "Comment": null,
        "GroupCode": "9",
        "WD": 1.0,
        "WS": 87.49,
        "TEMP": 0.0,
        "RH": 0.0,
        "BP": 0.0,
        "RAIN": null,
        "SRAD": null,
        "PM25": null,
        "PM10": 30.8,
        "TSP": null,
        "SO2": 0.16,
        "NO2": 0.62,
        "NOx": 1.72,
        "NO": 1.11,
        "CO": 0.03,
        "AQI": null,
        "H2S": null,
        "CH4": 1.9,
        "NMHC": null,
        "THC": 2.04
      }
    },
    {
      "type": "Feature",
      "geometry": {
        "type": "Point",
        "coordinates": [
          100.531168,
          13.658062
        ]
      },
      "properties": {
        "Code": "191",
        "StationShort": "PCD17",
        "StationTH": "ต.ตลาด อ.พระประแดง จ.สมุทรปราการ",
        "StationEN": "PCD17",
        "IndustryZone": null,
        "Zone": "กรมควบคุมมลพิษ",
        "StationType": "AIR QUALITY",
        "TimeBase": null,
        "LastUpdate": "2026-03-02 09:00",
        "LastUpdate_TH": "2 มี.ค. 2569, 09:00",
        "LastUpdate_EN": "02 Mar,2026 09:00",
        "StationActive": "1900-01-01 00:00",
        "Status": "OFFLINE (167 วัน)",
        "Comment": null,
        "GroupCode": "5",
        "WD": null,
        "WS": null,
        "TEMP": null,
        "RH": null,
        "BP": null,
        "RAIN": null,
        "SRAD": null,
        "PM25": null,
        "PM10": null,
        "TSP": null,
        "SO2": null,
        "NO2": null,
        "NOx": null,
        "NO": null,
        "CO": null,
        "AQI": null,
        "H2S": null,
        "CH4": null,
        "NMHC": null,
        "THC": null
      }
    },
    {
      "type": "Feature",
      "geometry": {
        "type": "Point",
        "coordinates": [
          100.594206,
          13.579601
        ]
      },
      "properties": {
        "Code": "192",
        "StationShort": "PCD18",
        "StationTH": "ศาลากลางจังหวัดสมุทรปราการ",
        "StationEN": "PCD18",
        "IndustryZone": null,
        "Zone": "กรมควบคุมมลพิษ",
        "StationType": "AIR QUALITY",
        "TimeBase": null,
        "LastUpdate": "2026-03-02 09:00",
        "LastUpdate_TH": "2 มี.ค. 2569, 09:00",
        "LastUpdate_EN": "02 Mar,2026 09:00",
        "StationActive": "1900-01-01 00:00",
        "Status": "OFFLINE (167 วัน)",
        "Comment": null,
        "GroupCode": "5",
        "WD": null,
        "WS": null,
        "TEMP": null,
        "RH": null,
        "BP": null,
        "RAIN": null,
        "SRAD": null,
        "PM25": null,
        "PM10": null,
        "TSP": null,
        "SO2": null,
        "NO2": null,
        "NOx": null,
        "NO": null,
        "CO": null,
        "AQI": null,
        "H2S": null,
        "CH4": null,
        "NMHC": null,
        "THC": null
      }
    },
    {
      "type": "Feature",
      "geometry": {
        "type": "Point",
        "coordinates": [
          100.906079,
          13.09967
        ]
      },
      "properties": {
        "Code": "193",
        "StationShort": "PCD32",
        "StationTH": "สนามกีฬาเทศบาลแหลมฉบัง",
        "StationEN": "PCD32",
        "IndustryZone": null,
        "Zone": "กรมควบคุมมลพิษ",
        "StationType": "AIR QUALITY",
        "TimeBase": null,
        "LastUpdate": "2026-03-02 09:00",
        "LastUpdate_TH": "2 มี.ค. 2569, 09:00",
        "LastUpdate_EN": "02 Mar,2026 09:00",
        "StationActive": "1900-01-01 00:00",
        "Status": "OFFLINE (167 วัน)",
        "Comment": null,
        "GroupCode": "5",
        "WD": null,
        "WS": null,
        "TEMP": null,
        "RH": null,
        "BP": null,
        "RAIN": null,
        "SRAD": null,
        "PM25": null,
        "PM10": null,
        "TSP": null,
        "SO2": null,
        "NO2": null,
        "NOx": null,
        "NO": null,
        "CO": null,
        "AQI": null,
        "H2S": null,
        "CH4": null,
        "NMHC": null,
        "THC": null
      }
    },
    {
      "type": "Feature",
      "geometry": {
        "type": "Point",
        "coordinates": [
          101.098505,
          13.054813
        ]
      },
      "properties": {
        "Code": "194",
        "StationShort": "PCD33",
        "StationTH": "สถานีตรวจวัดคุณภาพอากาศ บริเวณบ่อวิน จ.ชลบุรี",
        "StationEN": "PCD33",
        "IndustryZone": null,
        "Zone": "กรมควบคุมมลพิษ",
        "StationType": "AIR QUALITY",
        "TimeBase": null,
        "LastUpdate": "2026-03-02 09:00",
        "LastUpdate_TH": "2 มี.ค. 2569, 09:00",
        "LastUpdate_EN": "02 Mar,2026 09:00",
        "StationActive": "1900-01-01 00:00",
        "Status": "OFFLINE (167 วัน)",
        "Comment": null,
        "GroupCode": "5",
        "WD": null,
        "WS": null,
        "TEMP": null,
        "RH": null,
        "BP": null,
        "RAIN": null,
        "SRAD": null,
        "PM25": null,
        "PM10": null,
        "TSP": null,
        "SO2": null,
        "NO2": null,
        "NOx": null,
        "NO": null,
        "CO": null,
        "AQI": null,
        "H2S": null,
        "CH4": null,
        "NMHC": null,
        "THC": null
      }
    },
    {
      "type": "Feature",
      "geometry": {
        "type": "Point",
        "coordinates": [
          99.812005,
          13.539065
        ]
      },
      "properties": {
        "Code": "196",
        "StationShort": "PCD26",
        "StationTH": "สำนักงานสิ่งแวดล้อมภาคที่8",
        "StationEN": "PCD26",
        "IndustryZone": null,
        "Zone": "กรมควบคุมมลพิษ",
        "StationType": "AIR QUALITY",
        "TimeBase": null,
        "LastUpdate": "2026-03-02 09:00",
        "LastUpdate_TH": "2 มี.ค. 2569, 09:00",
        "LastUpdate_EN": "02 Mar,2026 09:00",
        "StationActive": "1900-01-01 00:00",
        "Status": "OFFLINE (167 วัน)",
        "Comment": null,
        "GroupCode": "5",
        "WD": null,
        "WS": null,
        "TEMP": null,
        "RH": null,
        "BP": null,
        "RAIN": null,
        "SRAD": null,
        "PM25": null,
        "PM10": null,
        "TSP": null,
        "SO2": null,
        "NO2": null,
        "NOx": null,
        "NO": null,
        "CO": null,
        "AQI": null,
        "H2S": null,
        "CH4": null,
        "NMHC": null,
        "THC": null
      }
    },
    {
      "type": "Feature",
      "geometry": {
        "type": "Point",
        "coordinates": [
          100.277659,
          13.552002
        ]
      },
      "properties": {
        "Code": "197",
        "StationShort": "PCD27",
        "StationTH": "ต.มหาชัย อ.เมือง จ.สมุทรสาคร",
        "StationEN": "PCD27",
        "IndustryZone": null,
        "Zone": "กรมควบคุมมลพิษ",
        "StationType": "AIR QUALITY",
        "TimeBase": null,
        "LastUpdate": "2026-03-02 09:00",
        "LastUpdate_TH": "2 มี.ค. 2569, 09:00",
        "LastUpdate_EN": "02 Mar,2026 09:00",
        "StationActive": "1900-01-01 00:00",
        "Status": "OFFLINE (167 วัน)",
        "Comment": null,
        "GroupCode": "5",
        "WD": null,
        "WS": null,
        "TEMP": null,
        "RH": null,
        "BP": null,
        "RAIN": null,
        "SRAD": null,
        "PM25": null,
        "PM10": null,
        "TSP": null,
        "SO2": null,
        "NO2": null,
        "NOx": null,
        "NO": null,
        "CO": null,
        "AQI": null,
        "H2S": null,
        "CH4": null,
        "NMHC": null,
        "THC": null
      }
    },
    {
      "type": "Feature",
      "geometry": {
        "type": "Point",
        "coordinates": [
          100.476321,
          7.007726
        ]
      },
      "properties": {
        "Code": "200",
        "StationShort": "PCD44",
        "StationTH": "เทศบาลนครหาดใหญ่",
        "StationEN": "PCD44",
        "IndustryZone": null,
        "Zone": "กรมควบคุมมลพิษ",
        "StationType": "AIR QUALITY",
        "TimeBase": null,
        "LastUpdate": "2026-03-02 09:00",
        "LastUpdate_TH": "2 มี.ค. 2569, 09:00",
        "LastUpdate_EN": "02 Mar,2026 09:00",
        "StationActive": "1900-01-01 00:00",
        "Status": "OFFLINE (167 วัน)",
        "Comment": null,
        "GroupCode": "5",
        "WD": null,
        "WS": null,
        "TEMP": null,
        "RH": null,
        "BP": null,
        "RAIN": null,
        "SRAD": null,
        "PM25": null,
        "PM10": null,
        "TSP": null,
        "SO2": null,
        "NO2": null,
        "NOx": null,
        "NO": null,
        "CO": null,
        "AQI": null,
        "H2S": null,
        "CH4": null,
        "NMHC": null,
        "THC": null
      }
    },
    {
      "type": "Feature",
      "geometry": {
        "type": "Point",
        "coordinates": [
          100.534322,
          13.73064
        ]
      },
      "properties": {
        "Code": "201",
        "StationShort": "PCD50",
        "StationTH": "ริมถนนพระรามสี่, เขตปทุมวัน, กรุงเทพ",
        "StationEN": "PCD50",
        "IndustryZone": null,
        "Zone": "กรมควบคุมมลพิษ",
        "StationType": "AIR QUALITY",
        "TimeBase": null,
        "LastUpdate": "2026-03-02 09:00",
        "LastUpdate_TH": "2 มี.ค. 2569, 09:00",
        "LastUpdate_EN": "02 Mar,2026 09:00",
        "StationActive": "1900-01-01 00:00",
        "Status": "OFFLINE (167 วัน)",
        "Comment": null,
        "GroupCode": "5",
        "WD": null,
        "WS": null,
        "TEMP": null,
        "RH": null,
        "BP": null,
        "RAIN": null,
        "SRAD": null,
        "PM25": null,
        "PM10": null,
        "TSP": null,
        "SO2": null,
        "NO2": null,
        "NOx": null,
        "NO": null,
        "CO": null,
        "AQI": null,
        "H2S": null,
        "CH4": null,
        "NMHC": null,
        "THC": null
      }
    },
    {
      "type": "Feature",
      "geometry": {
        "type": "Point",
        "coordinates": [
          100.489261,
          13.727894
        ]
      },
      "properties": {
        "Code": "202",
        "StationShort": "PCD52",
        "StationTH": "ริมถนนอินทรพิทักษ์ เขตธนบุรี กรุงเทพ",
        "StationEN": "PCD52",
        "IndustryZone": null,
        "Zone": "กรมควบคุมมลพิษ",
        "StationType": "AIR QUALITY",
        "TimeBase": null,
        "LastUpdate": "2026-03-02 09:00",
        "LastUpdate_TH": "2 มี.ค. 2569, 09:00",
        "LastUpdate_EN": "02 Mar,2026 09:00",
        "StationActive": "1900-01-01 00:00",
        "Status": "OFFLINE (167 วัน)",
        "Comment": null,
        "GroupCode": "5",
        "WD": null,
        "WS": null,
        "TEMP": null,
        "RH": null,
        "BP": null,
        "RAIN": null,
        "SRAD": null,
        "PM25": null,
        "PM10": null,
        "TSP": null,
        "SO2": null,
        "NO2": null,
        "NOx": null,
        "NO": null,
        "CO": null,
        "AQI": null,
        "H2S": null,
        "CH4": null,
        "NMHC": null,
        "THC": null
      }
    },
    {
      "type": "Feature",
      "geometry": {
        "type": "Point",
        "coordinates": [
          100.60532,
          13.788615
        ]
      },
      "properties": {
        "Code": "203",
        "StationShort": "PCD53",
        "StationTH": "ริมถนนลาดพร้าว เขตวังทองหลาง กรุงเทพ",
        "StationEN": "PCD53",
        "IndustryZone": null,
        "Zone": "กรมควบคุมมลพิษ",
        "StationType": "AIR QUALITY",
        "TimeBase": null,
        "LastUpdate": "2026-03-02 09:00",
        "LastUpdate_TH": "2 มี.ค. 2569, 09:00",
        "LastUpdate_EN": "02 Mar,2026 09:00",
        "StationActive": "1900-01-01 00:00",
        "Status": "OFFLINE (167 วัน)",
        "Comment": null,
        "GroupCode": "5",
        "WD": null,
        "WS": null,
        "TEMP": null,
        "RH": null,
        "BP": null,
        "RAIN": null,
        "SRAD": null,
        "PM25": null,
        "PM10": null,
        "TSP": null,
        "SO2": null,
        "NO2": null,
        "NOx": null,
        "NO": null,
        "CO": null,
        "AQI": null,
        "H2S": null,
        "CH4": null,
        "NMHC": null,
        "THC": null
      }
    },
    {
      "type": "Feature",
      "geometry": {
        "type": "Point",
        "coordinates": [
          100.559248,
          13.764663
        ]
      },
      "properties": {
        "Code": "204",
        "StationShort": "PCD54",
        "StationTH": "ริมถนนดินแดง เขตดินแดง กรุงเทพ",
        "StationEN": "PCD54",
        "IndustryZone": null,
        "Zone": "กรมควบคุมมลพิษ",
        "StationType": "AIR QUALITY",
        "TimeBase": null,
        "LastUpdate": "2026-03-02 09:00",
        "LastUpdate_TH": "2 มี.ค. 2569, 09:00",
        "LastUpdate_EN": "02 Mar,2026 09:00",
        "StationActive": "1900-01-01 00:00",
        "Status": "OFFLINE (167 วัน)",
        "Comment": null,
        "GroupCode": "5",
        "WD": null,
        "WS": null,
        "TEMP": null,
        "RH": null,
        "BP": null,
        "RAIN": null,
        "SRAD": null,
        "PM25": null,
        "PM10": null,
        "TSP": null,
        "SO2": null,
        "NO2": null,
        "NOx": null,
        "NO": null,
        "CO": null,
        "AQI": null,
        "H2S": null,
        "CH4": null,
        "NMHC": null,
        "THC": null
      }
    },
    {
      "type": "Feature",
      "geometry": {
        "type": "Point",
        "coordinates": [
          100.54391,
          13.78792
        ]
      },
      "properties": {
        "Code": "205",
        "StationShort": "PCD59",
        "StationTH": "แขวงสามเสนใน เขตพญาไท กรุงเทพ",
        "StationEN": "PCD59",
        "IndustryZone": null,
        "Zone": "กรมควบคุมมลพิษ",
        "StationType": "AIR QUALITY",
        "TimeBase": null,
        "LastUpdate": "2026-03-02 09:00",
        "LastUpdate_TH": "2 มี.ค. 2569, 09:00",
        "LastUpdate_EN": "02 Mar,2026 09:00",
        "StationActive": "1900-01-01 00:00",
        "Status": "OFFLINE (167 วัน)",
        "Comment": null,
        "GroupCode": "5",
        "WD": null,
        "WS": null,
        "TEMP": null,
        "RH": null,
        "BP": null,
        "RAIN": null,
        "SRAD": null,
        "PM25": null,
        "PM10": null,
        "TSP": null,
        "SO2": null,
        "NO2": null,
        "NOx": null,
        "NO": null,
        "CO": null,
        "AQI": null,
        "H2S": null,
        "CH4": null,
        "NMHC": null,
        "THC": null
      }
    },
    {
      "type": "Feature",
      "geometry": {
        "type": "Point",
        "coordinates": [
          101.296609,
          13.55748
        ]
      },
      "properties": {
        "Code": "206",
        "StationShort": "PCD60",
        "StationTH": "สำนักงานเทศบาลตำบลทุ่งสะเดา",
        "StationEN": "PCD60",
        "IndustryZone": null,
        "Zone": "กรมควบคุมมลพิษ",
        "StationType": "AIR QUALITY",
        "TimeBase": null,
        "LastUpdate": "2026-03-02 09:00",
        "LastUpdate_TH": "2 มี.ค. 2569, 09:00",
        "LastUpdate_EN": "02 Mar,2026 09:00",
        "StationActive": "1900-01-01 00:00",
        "Status": "OFFLINE (167 วัน)",
        "Comment": null,
        "GroupCode": "5",
        "WD": null,
        "WS": null,
        "TEMP": null,
        "RH": null,
        "BP": null,
        "RAIN": null,
        "SRAD": null,
        "PM25": null,
        "PM10": null,
        "TSP": null,
        "SO2": null,
        "NO2": null,
        "NOx": null,
        "NO": null,
        "CO": null,
        "AQI": null,
        "H2S": null,
        "CH4": null,
        "NMHC": null,
        "THC": null
      }
    },
    {
      "type": "Feature",
      "geometry": {
        "type": "Point",
        "coordinates": [
          100.613723,
          13.770701
        ]
      },
      "properties": {
        "Code": "207",
        "StationShort": "PCD61",
        "StationTH": "แขวงพลับพลา เขตวังทองหลาง กรุงเทพ",
        "StationEN": "PCD61",
        "IndustryZone": null,
        "Zone": "กรมควบคุมมลพิษ",
        "StationType": "AIR QUALITY",
        "TimeBase": null,
        "LastUpdate": "2026-03-02 09:00",
        "LastUpdate_TH": "2 มี.ค. 2569, 09:00",
        "LastUpdate_EN": "02 Mar,2026 09:00",
        "StationActive": "1900-01-01 00:00",
        "Status": "OFFLINE (167 วัน)",
        "Comment": null,
        "GroupCode": "5",
        "WD": null,
        "WS": null,
        "TEMP": null,
        "RH": null,
        "BP": null,
        "RAIN": null,
        "SRAD": null,
        "PM25": null,
        "PM10": null,
        "TSP": null,
        "SO2": null,
        "NO2": null,
        "NOx": null,
        "NO": null,
        "CO": null,
        "AQI": null,
        "H2S": null,
        "CH4": null,
        "NMHC": null,
        "THC": null
      }
    },
    {
      "type": "Feature",
      "geometry": {
        "type": "Point",
        "coordinates": [
          99.00677,
          18.571144
        ]
      },
      "properties": {
        "Code": "208",
        "StationShort": "PCD68",
        "StationTH": "อุตุนิยมวิทยาลำพูน",
        "StationEN": "PCD68",
        "IndustryZone": null,
        "Zone": "กรมควบคุมมลพิษ",
        "StationType": "AIR QUALITY",
        "TimeBase": null,
        "LastUpdate": "2026-03-02 09:00",
        "LastUpdate_TH": "2 มี.ค. 2569, 09:00",
        "LastUpdate_EN": "02 Mar,2026 09:00",
        "StationActive": "1900-01-01 00:00",
        "Status": "OFFLINE (167 วัน)",
        "Comment": null,
        "GroupCode": "5",
        "WD": null,
        "WS": null,
        "TEMP": null,
        "RH": null,
        "BP": null,
        "RAIN": null,
        "SRAD": null,
        "PM25": null,
        "PM10": null,
        "TSP": null,
        "SO2": null,
        "NO2": null,
        "NOx": null,
        "NO": null,
        "CO": null,
        "AQI": null,
        "H2S": null,
        "CH4": null,
        "NMHC": null,
        "THC": null
      }
    },
    {
      "type": "Feature",
      "geometry": {
        "type": "Point",
        "coordinates": [
          102.535053,
          13.673817
        ]
      },
      "properties": {
        "Code": "209",
        "StationShort": "PCD71",
        "StationTH": "สวนกาญจนาภิเษก ร.9 (ฝั่งสวนหิน)",
        "StationEN": "PCD71",
        "IndustryZone": null,
        "Zone": "กรมควบคุมมลพิษ",
        "StationType": "AIR QUALITY",
        "TimeBase": null,
        "LastUpdate": "2026-03-02 09:00",
        "LastUpdate_TH": "2 มี.ค. 2569, 09:00",
        "LastUpdate_EN": "02 Mar,2026 09:00",
        "StationActive": "1900-01-01 00:00",
        "Status": "OFFLINE (167 วัน)",
        "Comment": null,
        "GroupCode": "5",
        "WD": null,
        "WS": null,
        "TEMP": null,
        "RH": null,
        "BP": null,
        "RAIN": null,
        "SRAD": null,
        "PM25": null,
        "PM10": null,
        "TSP": null,
        "SO2": null,
        "NO2": null,
        "NOx": null,
        "NO": null,
        "CO": null,
        "AQI": null,
        "H2S": null,
        "CH4": null,
        "NMHC": null,
        "THC": null
      }
    },
    {
      "type": "Feature",
      "geometry": {
        "type": "Point",
        "coordinates": [
          101.204508,
          12.681387
        ]
      },
      "properties": {
        "Code": "210",
        "StationShort": "PCD66",
        "StationTH": "ต.เนินพระ อ.เมือง จ.ระยอง",
        "StationEN": "PCD66 (74t)",
        "IndustryZone": null,
        "Zone": "กรมควบคุมมลพิษ",
        "StationType": "AIR QUALITY",
        "TimeBase": null,
        "LastUpdate": "2026-03-02 09:00",
        "LastUpdate_TH": "2 มี.ค. 2569, 09:00",
        "LastUpdate_EN": "02 Mar,2026 09:00",
        "StationActive": "1900-01-01 00:00",
        "Status": "OFFLINE (167 วัน)",
        "Comment": null,
        "GroupCode": "5",
        "WD": null,
        "WS": null,
        "TEMP": null,
        "RH": null,
        "BP": null,
        "RAIN": null,
        "SRAD": null,
        "PM25": null,
        "PM10": null,
        "TSP": null,
        "SO2": null,
        "NO2": null,
        "NOx": null,
        "NO": null,
        "CO": null,
        "AQI": null,
        "H2S": null,
        "CH4": null,
        "NMHC": null,
        "THC": null
      }
    },
    {
      "type": "Feature",
      "geometry": {
        "type": "Point",
        "coordinates": [
          101.15101518091686,
          12.69154007276489
        ]
      },
      "properties": {
        "Code": "101",
        "StationShort": "MOBILE-IEAT",
        "StationTH": "MOBILE IEAT",
        "StationEN": "MOBILE-IEAT (NO.1) 2023",
        "IndustryZone": "มาบตาพุด",
        "Zone": "สายปฏิบัติการ 3",
        "StationType": "AIR QUALITY",
        "TimeBase": null,
        "LastUpdate": "2026-02-26 15:00",
        "LastUpdate_TH": "26 ก.พ. 2569, 15:00",
        "LastUpdate_EN": "26 Feb,2026 15:00",
        "StationActive": "2017-04-05 09:00",
        "Status": "OFFLINE (171 วัน)",
        "Comment": "อยู่ระหว่างหาสาเหตุ ไม่มีการอัปเดตข้อมูลตั้งแต่วันที่ 26/2/2569",
        "GroupCode": "6",
        "WD": 229.25,
        "WS": 1.57,
        "TEMP": 27.16,
        "RH": 78.32,
        "BP": 1.0,
        "RAIN": 0.01,
        "SRAD": null,
        "PM25": 19.1,
        "PM10": 41.82,
        "TSP": null,
        "SO2": 8.5,
        "NO2": 15.87,
        "NOx": null,
        "NO": 24.7,
        "CO": 1.21,
        "AQI": null,
        "H2S": null,
        "CH4": null,
        "NMHC": null,
        "THC": null
      }
    },
    {
      "type": "Feature",
      "geometry": {
        "type": "Point",
        "coordinates": [
          100.562123,
          13.624478
        ]
      },
      "properties": {
        "Code": "158",
        "StationShort": "PCD16",
        "StationTH": "ต.บางโปรง อ.เมือง จ.สมุทรปราการ",
        "StationEN": "PCD16",
        "IndustryZone": null,
        "Zone": "กรมควบคุมมลพิษ",
        "StationType": "AIR QUALITY",
        "TimeBase": null,
        "LastUpdate": "2026-03-01 13:00",
        "LastUpdate_TH": "1 มี.ค. 2569, 13:00",
        "LastUpdate_EN": "01 Mar,2026 13:00",
        "StationActive": "1900-01-01 00:00",
        "Status": "OFFLINE (168 วัน)",
        "Comment": null,
        "GroupCode": "5",
        "WD": null,
        "WS": null,
        "TEMP": null,
        "RH": null,
        "BP": null,
        "RAIN": null,
        "SRAD": null,
        "PM25": null,
        "PM10": null,
        "TSP": null,
        "SO2": null,
        "NO2": null,
        "NOx": null,
        "NO": null,
        "CO": null,
        "AQI": null,
        "H2S": null,
        "CH4": null,
        "NMHC": null,
        "THC": null
      }
    },
    {
      "type": "Feature",
      "geometry": {
        "type": "Point",
        "coordinates": [
          101.1587598,
          12.7165282
        ]
      },
      "properties": {
        "Code": "168",
        "StationShort": "NSK",
        "StationTH": "สถานีตรวจวัดคุณภาพอากาศ บริเวณหนองเสือเกือก",
        "StationEN": "NSK",
        "IndustryZone": "มาบตาพุด",
        "Zone": "สายปฏิบัติการ 3",
        "StationType": "AIR QUALITY",
        "TimeBase": null,
        "LastUpdate": "2026-08-16 10:00",
        "LastUpdate_TH": "16 ส.ค. 2569, 10:00",
        "LastUpdate_EN": "16 Aug,2026 10:00",
        "StationActive": "2014-09-01 12:00",
        "Status": "ONLINE",
        "Comment": null,
        "GroupCode": "6",
        "WD": 209.88,
        "WS": 2.79,
        "TEMP": 31.84,
        "RH": 81.99,
        "BP": 1.0,
        "RAIN": null,
        "SRAD": null,
        "PM25": null,
        "PM10": 15.94,
        "TSP": null,
        "SO2": 0.37,
        "NO2": 5.64,
        "NOx": 7.16,
        "NO": 1.52,
        "CO": 0.25,
        "AQI": null,
        "H2S": null,
        "CH4": 1.84,
        "NMHC": 0.36,
        "THC": 2.2
      }
    },
    {
      "type": "Feature",
      "geometry": {
        "type": "Point",
        "coordinates": [
          101.066698,
          12.678494
        ]
      },
      "properties": {
        "Code": "98",
        "StationShort": "GLOW AQMS",
        "StationTH": "สถานีตรวจวัดคุณภาพอากาศ บริเวณวัดพยูน",
        "StationEN": "GLOW AQMS",
        "IndustryZone": "มาบตาพุด",
        "Zone": "สายปฏิบัติการ 3",
        "StationType": "AIR QUALITY",
        "TimeBase": null,
        "LastUpdate": "2026-08-16 10:00",
        "LastUpdate_TH": "16 ส.ค. 2569, 10:00",
        "LastUpdate_EN": "16 Aug,2026 10:00",
        "StationActive": "2011-11-01 00:00",
        "Status": "ONLINE",
        "Comment": "SO2,CO และ PM10 เกินค่ามาตรฐาน จำนวน 1 วัน",
        "GroupCode": "6",
        "WD": 14.14,
        "WS": 0.0,
        "TEMP": 1.45,
        "RH": 240.24,
        "BP": 33.14,
        "RAIN": null,
        "SRAD": null,
        "PM25": null,
        "PM10": 0.13,
        "TSP": null,
        "SO2": 3.58,
        "NO2": 1.9,
        "NOx": null,
        "NO": null,
        "CO": 0.82,
        "AQI": null,
        "H2S": null,
        "CH4": 41.84,
        "NMHC": 0.13,
        "THC": 0.38
      }
    },
    {
      "type": "Feature",
      "geometry": {
        "type": "Point",
        "coordinates": [
          101.434129,
          12.831021
        ]
      },
      "properties": {
        "Code": "212",
        "StationShort": "PCD31",
        "StationTH": "สถานีศูนย์วิจัยพืชไร่ระยอง อ.เมือง จ.ระยอง",
        "StationEN": "PCD31",
        "IndustryZone": null,
        "Zone": "กรมควบคุมมลพิษ",
        "StationType": "AIR QUALITY",
        "TimeBase": null,
        "LastUpdate": "2026-03-02 09:00",
        "LastUpdate_TH": "2 มี.ค. 2569, 09:00",
        "LastUpdate_EN": "02 Mar,2026 09:00",
        "StationActive": "1900-01-01 00:00",
        "Status": "OFFLINE (167 วัน)",
        "Comment": null,
        "GroupCode": "5",
        "WD": null,
        "WS": null,
        "TEMP": null,
        "RH": null,
        "BP": null,
        "RAIN": null,
        "SRAD": null,
        "PM25": null,
        "PM10": null,
        "TSP": null,
        "SO2": null,
        "NO2": null,
        "NOx": null,
        "NO": null,
        "CO": null,
        "AQI": null,
        "H2S": null,
        "CH4": null,
        "NMHC": null,
        "THC": null
      }
    },
    {
      "type": "Feature",
      "geometry": {
        "type": "Point",
        "coordinates": [
          100.667972,
          13.551726
        ]
      },
      "properties": {
        "Code": "231",
        "StationShort": "SSUT",
        "StationTH": "สถานีตรวจวัดคุณภาพอากาศ SSUT",
        "StationEN": "SSUT",
        "IndustryZone": "บางปู",
        "Zone": "สายปฏิบัติการ 1",
        "StationType": "AIR QUALITY",
        "TimeBase": null,
        "LastUpdate": "2026-08-16 09:00",
        "LastUpdate_TH": "16 ส.ค. 2569, 09:00",
        "LastUpdate_EN": "16 Aug,2026 09:00",
        "StationActive": "2025-11-11 12:00",
        "Status": "ONLINE",
        "Comment": "SO2 เกินค่ามาตรฐาน จำนวน 3 วัน",
        "GroupCode": "16",
        "WD": 248.73,
        "WS": 1.9,
        "TEMP": 31.76,
        "RH": 66.71,
        "BP": null,
        "RAIN": null,
        "SRAD": null,
        "PM25": null,
        "PM10": null,
        "TSP": 41.03,
        "SO2": -2.41,
        "NO2": null,
        "NOx": null,
        "NO": null,
        "CO": null,
        "AQI": null,
        "H2S": null,
        "CH4": null,
        "NMHC": null,
        "THC": null
      }
    },
    {
      "type": "Feature",
      "geometry": {
        "type": "Point",
        "coordinates": [
          100.829078,
          13.62091
        ]
      },
      "properties": {
        "Code": "248",
        "StationShort": "IEAT Digital Twin P1",
        "StationTH": "สถานีตรวจวัดคุณภาพ AQMs 1",
        "StationEN": "IEAT Digital Twin P1",
        "IndustryZone": "สมุทรสาคร",
        "Zone": "สายปฏิบัติการ 1",
        "StationType": "AIR QUALITY",
        "TimeBase": null,
        "LastUpdate": "2026-07-31 13:16",
        "LastUpdate_TH": "31 ก.ค. 2569, 13:16",
        "LastUpdate_EN": "31 Jul,2026 13:16",
        "StationActive": "2025-08-14 00:04",
        "Status": "OFFLINE (16 วัน)",
        "Comment": "เครื่องตรวจวัดชำรุด อยู่ระหว่างรองบประมาณซ่อมบำรุง ไม่มีการอัปเดตตั้งแต่วันที่ 30/7/2569",
        "GroupCode": "23",
        "WD": null,
        "WS": null,
        "TEMP": 32.1,
        "RH": null,
        "BP": null,
        "RAIN": null,
        "SRAD": null,
        "PM25": 17.0,
        "PM10": 21.0,
        "TSP": null,
        "SO2": 0.0,
        "NO2": 0.0,
        "NOx": null,
        "NO": null,
        "CO": 0.01,
        "AQI": null,
        "H2S": null,
        "CH4": null,
        "NMHC": null,
        "THC": null
      }
    },
    {
      "type": "Feature",
      "geometry": {
        "type": "Point",
        "coordinates": [
          100.7862867,
          13.5705
        ]
      },
      "properties": {
        "Code": "258",
        "StationShort": "PCD19",
        "StationTH": "การเคหะชุมชนเมืองใหม่บางพลี ต.บางเสาธง อ.บางเสาธง, สมุทรปราการ",
        "StationEN": "PCD19",
        "IndustryZone": null,
        "Zone": "กรมควบคุมมลพิษ",
        "StationType": "AIR QUALITY",
        "TimeBase": null,
        "LastUpdate": "2026-03-02 08:00",
        "LastUpdate_TH": "2 มี.ค. 2569, 08:00",
        "LastUpdate_EN": "02 Mar,2026 08:00",
        "StationActive": "1900-01-01 00:00",
        "Status": "OFFLINE (167 วัน)",
        "Comment": null,
        "GroupCode": "5",
        "WD": null,
        "WS": null,
        "TEMP": null,
        "RH": null,
        "BP": null,
        "RAIN": null,
        "SRAD": null,
        "PM25": null,
        "PM10": null,
        "TSP": null,
        "SO2": null,
        "NO2": null,
        "NOx": null,
        "NO": null,
        "CO": null,
        "AQI": null,
        "H2S": null,
        "CH4": null,
        "NMHC": null,
        "THC": null
      }
    },
    {
      "type": "Feature",
      "geometry": {
        "type": "Point",
        "coordinates": [
          101.1659833,
          12.70865
        ]
      },
      "properties": {
        "Code": "259",
        "StationShort": "PCD29",
        "StationTH": "โรงพยาบาลส่งเสริมสุขภาพตำบลมาบตาพุด",
        "StationEN": "PCD29",
        "IndustryZone": null,
        "Zone": "กรมควบคุมมลพิษ",
        "StationType": "AIR QUALITY",
        "TimeBase": null,
        "LastUpdate": "2026-03-01 17:00",
        "LastUpdate_TH": "1 มี.ค. 2569, 17:00",
        "LastUpdate_EN": "01 Mar,2026 17:00",
        "StationActive": "1900-01-01 00:00",
        "Status": "OFFLINE (168 วัน)",
        "Comment": null,
        "GroupCode": "5",
        "WD": null,
        "WS": null,
        "TEMP": null,
        "RH": null,
        "BP": null,
        "RAIN": null,
        "SRAD": null,
        "PM25": null,
        "PM10": null,
        "TSP": null,
        "SO2": null,
        "NO2": null,
        "NOx": null,
        "NO": null,
        "CO": null,
        "AQI": null,
        "H2S": null,
        "CH4": null,
        "NMHC": null,
        "THC": null
      }
    },
    {
      "type": "Feature",
      "geometry": {
        "type": "Point",
        "coordinates": [
          100.322756,
          16.442554
        ]
      },
      "properties": {
        "Code": "260",
        "StationShort": "PCD95",
        "StationTH": "สนามกีฬาจังหวัดพิจิตร",
        "StationEN": "PCD95",
        "IndustryZone": null,
        "Zone": "กรมควบคุมมลพิษ",
        "StationType": "AIR QUALITY",
        "TimeBase": null,
        "LastUpdate": "2026-03-02 09:00",
        "LastUpdate_TH": "2 มี.ค. 2569, 09:00",
        "LastUpdate_EN": "02 Mar,2026 09:00",
        "StationActive": "1900-01-01 00:00",
        "Status": "OFFLINE (167 วัน)",
        "Comment": null,
        "GroupCode": "5",
        "WD": null,
        "WS": null,
        "TEMP": null,
        "RH": null,
        "BP": null,
        "RAIN": null,
        "SRAD": null,
        "PM25": null,
        "PM10": null,
        "TSP": null,
        "SO2": null,
        "NO2": null,
        "NOx": null,
        "NO": null,
        "CO": null,
        "AQI": null,
        "H2S": null,
        "CH4": null,
        "NMHC": null,
        "THC": null
      }
    },
    {
      "type": "Feature",
      "geometry": {
        "type": "Point",
        "coordinates": [
          100.784069,
          13.72205
        ]
      },
      "properties": {
        "Code": "261",
        "StationShort": "bkp78",
        "StationTH": "โรงพยาบาลลาดกระบัง",
        "StationEN": "bkp78",
        "IndustryZone": null,
        "Zone": "กรมควบคุมมลพิษ",
        "StationType": "AIR QUALITY",
        "TimeBase": null,
        "LastUpdate": "2026-03-02 09:00",
        "LastUpdate_TH": "2 มี.ค. 2569, 09:00",
        "LastUpdate_EN": "02 Mar,2026 09:00",
        "StationActive": "1900-01-01 00:00",
        "Status": "OFFLINE (167 วัน)",
        "Comment": null,
        "GroupCode": "5",
        "WD": null,
        "WS": null,
        "TEMP": null,
        "RH": null,
        "BP": null,
        "RAIN": null,
        "SRAD": null,
        "PM25": null,
        "PM10": null,
        "TSP": null,
        "SO2": null,
        "NO2": null,
        "NOx": null,
        "NO": null,
        "CO": null,
        "AQI": null,
        "H2S": null,
        "CH4": null,
        "NMHC": null,
        "THC": null
      }
    },
    {
      "type": "Feature",
      "geometry": {
        "type": "Point",
        "coordinates": [
          100.73208,
          13.813578
        ]
      },
      "properties": {
        "Code": "262",
        "StationShort": "bkp79",
        "StationTH": "สวนเฉลิมพระเกียรติ ร.9 ริมถนนสีหบุรานุกิจ เขตมีนบุรี, กรุงเทพฯ",
        "StationEN": "bkp79",
        "IndustryZone": null,
        "Zone": "กรมควบคุมมลพิษ",
        "StationType": "AIR QUALITY",
        "TimeBase": "PM25",
        "LastUpdate": "2026-02-26 15:00",
        "LastUpdate_TH": "26 ก.พ. 2569, 15:00",
        "LastUpdate_EN": "26 Feb,2026 15:00",
        "StationActive": "1900-01-01 00:00",
        "Status": "OFFLINE (171 วัน)",
        "Comment": null,
        "GroupCode": "5",
        "WD": null,
        "WS": null,
        "TEMP": null,
        "RH": null,
        "BP": null,
        "RAIN": null,
        "SRAD": null,
        "PM25": 40.7,
        "PM10": 63.0,
        "TSP": null,
        "SO2": -1.0,
        "NO2": -1.0,
        "NOx": null,
        "NO": null,
        "CO": -1.0,
        "AQI": 109.0,
        "H2S": null,
        "CH4": null,
        "NMHC": null,
        "THC": null
      }
    },
    {
      "type": "Feature",
      "geometry": {
        "type": "Point",
        "coordinates": [
          101.32245,
          12.648576
        ]
      },
      "properties": {
        "Code": "263",
        "StationShort": "o38",
        "StationTH": "ค่ายสุรสิงหนาท ต.ตะพง อ.เมือง, ระยอง",
        "StationEN": "o38",
        "IndustryZone": null,
        "Zone": "กรมควบคุมมลพิษ",
        "StationType": "AIR QUALITY",
        "TimeBase": null,
        "LastUpdate": "2026-03-01 20:00",
        "LastUpdate_TH": "1 มี.ค. 2569, 20:00",
        "LastUpdate_EN": "01 Mar,2026 20:00",
        "StationActive": "1900-01-01 00:00",
        "Status": "OFFLINE (168 วัน)",
        "Comment": null,
        "GroupCode": "5",
        "WD": null,
        "WS": null,
        "TEMP": null,
        "RH": null,
        "BP": null,
        "RAIN": null,
        "SRAD": null,
        "PM25": null,
        "PM10": null,
        "TSP": null,
        "SO2": null,
        "NO2": null,
        "NOx": null,
        "NO": null,
        "CO": null,
        "AQI": null,
        "H2S": null,
        "CH4": null,
        "NMHC": null,
        "THC": null
      }
    },
    {
      "type": "Feature",
      "geometry": {
        "type": "Point",
        "coordinates": [
          101.12726,
          12.725179
        ]
      },
      "properties": {
        "Code": "281",
        "StationShort": "MTP New",
        "StationTH": "เทศบาลเมืองมาบตาพุด",
        "StationEN": "MTP New",
        "IndustryZone": "มาบตาพุด",
        "Zone": "สายปฏิบัติการ 3",
        "StationType": "AIR QUALITY",
        "TimeBase": null,
        "LastUpdate": "2026-08-16 10:00",
        "LastUpdate_TH": "16 ส.ค. 2569, 10:00",
        "LastUpdate_EN": "16 Aug,2026 10:00",
        "StationActive": "2024-12-28 16:00",
        "Status": "ONLINE",
        "Comment": null,
        "GroupCode": "6",
        "WD": 160.73,
        "WS": 2.21,
        "TEMP": 30.87,
        "RH": 67.21,
        "BP": 1.0,
        "RAIN": null,
        "SRAD": null,
        "PM25": null,
        "PM10": 32.22,
        "TSP": null,
        "SO2": 0.0,
        "NO2": 1.87,
        "NOx": null,
        "NO": 2.29,
        "CO": 0.07,
        "AQI": null,
        "H2S": null,
        "CH4": 1.86,
        "NMHC": 0.58,
        "THC": 2.44
      }
    },
    {
      "type": "Feature",
      "geometry": {
        "type": "Point",
        "coordinates": [
          101.32245,
          12.648576
        ]
      },
      "properties": {
        "Code": "272",
        "StationShort": "TRIBECA ENTERPRISE",
        "StationTH": "ไทร เบคก้า เอ็นเตอร์พร์ส",
        "StationEN": "TRIBECA ENTERPRISE",
        "IndustryZone": "หลักชัยเมืองยาง",
        "Zone": "สายปฏิบัติการ 3",
        "StationType": "AIR QUALITY",
        "TimeBase": null,
        "LastUpdate": "2025-05-29 04:00",
        "LastUpdate_TH": "29 พ.ค. 2568, 04:00",
        "LastUpdate_EN": "29 May,2025 04:00",
        "StationActive": "2023-06-30 13:00",
        "Status": "OFFLINE (444 วัน)",
        "Comment": "อยู่ระหว่างตรวจสอบหาสาเหตุ ไม่มีการอัปเดตตั้งแต่วันที่ 29/5/2568",
        "GroupCode": "33",
        "WD": 39.19,
        "WS": 0.1,
        "TEMP": 24.58,
        "RH": 99.74,
        "BP": 1.0,
        "RAIN": 8.6,
        "SRAD": null,
        "PM25": null,
        "PM10": 5.34,
        "TSP": 24.63,
        "SO2": 1.72,
        "NO2": null,
        "NOx": null,
        "NO": null,
        "CO": null,
        "AQI": null,
        "H2S": null,
        "CH4": null,
        "NMHC": null,
        "THC": null
      }
    },
    {
      "type": "Feature",
      "geometry": {
        "type": "Point",
        "coordinates": [
          100.667972,
          13.551726
        ]
      },
      "properties": {
        "Code": "273",
        "StationShort": "IEAT Digital Twin P2",
        "StationTH": "สถานีตรวจวัดคุณภาพ AQMs 2",
        "StationEN": "IEAT Digital Twin P2",
        "IndustryZone": "สมุทรสาคร",
        "Zone": "สายปฏิบัติการ 1",
        "StationType": "AIR QUALITY",
        "TimeBase": null,
        "LastUpdate": "2023-07-12 05:05",
        "LastUpdate_TH": "12 ก.ค. 2566, 05:05",
        "LastUpdate_EN": "12 Jul,2023 05:05",
        "StationActive": "2023-07-05 10:29",
        "Status": "OFFLINE (1131 วัน)",
        "Comment": "เครื่องตรวจวัดชำรุด อยู่ระหว่างรองบประมาณซ่อมบำรุง ไม่มีการอัปเดตตั้งแต่วันที่ 12/7/2566",
        "GroupCode": "23",
        "WD": 225.0,
        "WS": 225.0,
        "TEMP": 26.4,
        "RH": null,
        "BP": null,
        "RAIN": 0.0,
        "SRAD": null,
        "PM25": null,
        "PM10": null,
        "TSP": null,
        "SO2": null,
        "NO2": null,
        "NOx": null,
        "NO": null,
        "CO": null,
        "AQI": null,
        "H2S": null,
        "CH4": null,
        "NMHC": null,
        "THC": null
      }
    },
    {
      "type": "Feature",
      "geometry": {
        "type": "Point",
        "coordinates": [
          101.216007,
          12.796304
        ]
      },
      "properties": {
        "Code": "331",
        "StationShort": "CPGC",
        "StationTH": "บริษัท ซีจี คอร์เปอเรชั่น จํากัด",
        "StationEN": "CPGC",
        "IndustryZone": "ซีพีจีซี",
        "Zone": "สายปฏิบัติการ 3",
        "StationType": "AIR QUALITY",
        "TimeBase": null,
        "LastUpdate": "2026-08-16 09:00",
        "LastUpdate_TH": "16 ส.ค. 2569, 09:00",
        "LastUpdate_EN": "16 Aug,2026 09:00",
        "StationActive": "2026-07-14 15:00",
        "Status": "ONLINE",
        "Comment": null,
        "GroupCode": "41",
        "WD": 246.46,
        "WS": 4.55,
        "TEMP": 29.12,
        "RH": 75.31,
        "BP": null,
        "RAIN": 0.0,
        "SRAD": null,
        "PM25": null,
        "PM10": 17.73,
        "TSP": 29.34,
        "SO2": 1.2,
        "NO2": 3.63,
        "NOx": 6.12,
        "NO": 2.5,
        "CO": null,
        "AQI": null,
        "H2S": null,
        "CH4": null,
        "NMHC": null,
        "THC": null
      }
    },
    {
      "type": "Feature",
      "geometry": {
        "type": "Point",
        "coordinates": [
          101.156659,
          12.680253
        ]
      },
      "properties": {
        "Code": "58",
        "StationShort": "TPTUC",
        "StationTH": "บจก.ทีพีทียูทีลิตี้",
        "StationEN": "TPT",
        "IndustryZone": "มาบตาพุด",
        "Zone": "สายปฏิบัติการ 3",
        "StationType": "CEMs",
        "TimeBase": null,
        "LastUpdate": "2025-09-23 23:00",
        "LastUpdate_TH": "23 ก.ย. 2568, 23:00",
        "LastUpdate_EN": "23 Sep,2025 23:00",
        "StationActive": "2009-11-05 01:00",
        "Status": "OFFLINE (327 วัน)",
        "Comment": "ข้อมูลทางฝั่ง emcc mtp ไม่อัปเดต ไม่มีการอัปเดต ตั้งแต่วันที่ 23/9/2568",
        "GroupCode": "6",
        "WD": null,
        "WS": null,
        "TEMP": null,
        "RH": null,
        "BP": null,
        "RAIN": null,
        "SRAD": null,
        "PM25": null,
        "PM10": null,
        "TSP": null,
        "SO2": null,
        "NO2": null,
        "NOx": null,
        "NO": null,
        "CO": null,
        "AQI": null,
        "H2S": null,
        "CH4": null,
        "NMHC": null,
        "THC": null
      }
    },
    {
      "type": "Feature",
      "geometry": {
        "type": "Point",
        "coordinates": [
          101.140316,
          12.714813
        ]
      },
      "properties": {
        "Code": "268",
        "StationShort": "BCC 2",
        "StationTH": "บริษัท บางกอกโคเจนเนอเรชั่น จำกัด 2",
        "StationEN": "BCC 2",
        "IndustryZone": "มาบตาพุด",
        "Zone": "สายปฏิบัติการ 3",
        "StationType": "CEMs",
        "TimeBase": null,
        "LastUpdate": "2025-06-17 11:03",
        "LastUpdate_TH": "17 มิ.ย. 2568, 11:03",
        "LastUpdate_EN": "17 Jun,2025 11:03",
        "StationActive": "2023-03-17 14:28",
        "Status": "OFFLINE (425 วัน)",
        "Comment": "บริษัทฯ ยกเลิกเชื่อมข้อมูลมาที่ EMCC MTP และย้ายไปเชื่อมข้อมูลกับ pomp box ไม่มีการอัปเดต ตั้งแต่วันที่ 17/6/2568",
        "GroupCode": "6",
        "WD": null,
        "WS": null,
        "TEMP": null,
        "RH": null,
        "BP": null,
        "RAIN": null,
        "SRAD": null,
        "PM25": null,
        "PM10": null,
        "TSP": null,
        "SO2": null,
        "NO2": null,
        "NOx": null,
        "NO": null,
        "CO": null,
        "AQI": null,
        "H2S": null,
        "CH4": null,
        "NMHC": null,
        "THC": null
      }
    },
    {
      "type": "Feature",
      "geometry": {
        "type": "Point",
        "coordinates": [
          101.145558,
          12.695081
        ]
      },
      "properties": {
        "Code": "270",
        "StationShort": "Glow 2 (Replacement)",
        "StationTH": "บจก.โกลว์ พลังงาน",
        "StationEN": "Glow Energy Phase2 (Replacement)",
        "IndustryZone": "มาบตาพุด",
        "Zone": "สายปฏิบัติการ 3",
        "StationType": "CEMs",
        "TimeBase": null,
        "LastUpdate": "2026-08-16 10:00",
        "LastUpdate_TH": "16 ส.ค. 2569, 10:00",
        "LastUpdate_EN": "16 Aug,2026 10:00",
        "StationActive": "2023-05-12 17:00",
        "Status": "ONLINE",
        "Comment": null,
        "GroupCode": "6",
        "WD": null,
        "WS": null,
        "TEMP": null,
        "RH": null,
        "BP": null,
        "RAIN": null,
        "SRAD": null,
        "PM25": null,
        "PM10": null,
        "TSP": null,
        "SO2": null,
        "NO2": null,
        "NOx": null,
        "NO": null,
        "CO": null,
        "AQI": null,
        "H2S": null,
        "CH4": null,
        "NMHC": null,
        "THC": null
      }
    },
    {
      "type": "Feature",
      "geometry": {
        "type": "Point",
        "coordinates": [
          101.15777948835209,
          13.094438292436932
        ]
      },
      "properties": {
        "Code": "274",
        "StationShort": "JCMT",
        "StationTH": "บริษัท จุน จี่ แมททีเรียล เทคโนโลยี จำกัด",
        "StationEN": "JCMT",
        "IndustryZone": "ปิ่นทอง",
        "Zone": "สายปฏิบัติการ 2",
        "StationType": "CEMs",
        "TimeBase": null,
        "LastUpdate": "2026-01-31 10:11",
        "LastUpdate_TH": "31 ม.ค. 2569, 10:11",
        "LastUpdate_EN": "31 Jan,2026 10:11",
        "StationActive": "2023-01-31 12:00",
        "Status": "OFFLINE (197 วัน)",
        "Comment": "อยู่ระหว่างรอเชื่อมโยงข้อมูลใหม่ เนื่องจาก บริษัทฯถูกสั่งหยุดประกอบกิจการบางส่วนชั่วคราว ไม่มีการอัปเดต ตั้งแต่วันที่ 31/1/2569",
        "GroupCode": "11",
        "WD": null,
        "WS": null,
        "TEMP": 0.0,
        "RH": null,
        "BP": null,
        "RAIN": null,
        "SRAD": null,
        "PM25": null,
        "PM10": null,
        "TSP": 0.0,
        "SO2": null,
        "NO2": null,
        "NOx": null,
        "NO": null,
        "CO": null,
        "AQI": null,
        "H2S": null,
        "CH4": null,
        "NMHC": null,
        "THC": null
      }
    },
    {
      "type": "Feature",
      "geometry": {
        "type": "Point",
        "coordinates": [
          100.46618786290189,
          14.699031715113943
        ]
      },
      "properties": {
        "Code": "275",
        "StationShort": "B.GRIMM (ANG THONG) 2",
        "StationTH": "บริษัท อมตะ บี.กริม เพาเวอร์ (อ่างทอง) 2 จำกัด",
        "StationEN": "B.GRIMM POWER (ANG THONG) 2",
        "IndustryZone": "เอส อ่างทอง",
        "Zone": "สายปฏิบัติการ 1",
        "StationType": "CEMs",
        "TimeBase": null,
        "LastUpdate": "2026-08-16 11:00",
        "LastUpdate_TH": "16 ส.ค. 2569, 11:00",
        "LastUpdate_EN": "16 Aug,2026 11:00",
        "StationActive": "2023-06-30 11:00",
        "Status": "ONLINE",
        "Comment": null,
        "GroupCode": "34",
        "WD": null,
        "WS": null,
        "TEMP": null,
        "RH": null,
        "BP": null,
        "RAIN": null,
        "SRAD": null,
        "PM25": null,
        "PM10": null,
        "TSP": null,
        "SO2": null,
        "NO2": null,
        "NOx": null,
        "NO": null,
        "CO": null,
        "AQI": null,
        "H2S": null,
        "CH4": null,
        "NMHC": null,
        "THC": null
      }
    },
    {
      "type": "Feature",
      "geometry": {
        "type": "Point",
        "coordinates": [
          100.89479533068423,
          13.092468497353183
        ]
      },
      "properties": {
        "Code": "277",
        "StationShort": "B.Grimm Power BPLC2",
        "StationTH": "บริษัท บี.กริม เพาเวอร์ (แหลมฉบัง) 2 จำกัด",
        "StationEN": "B.GRIMM POWER (LAEM CHABANG) 2 LIMITED",
        "IndustryZone": "แหลมฉบัง",
        "Zone": "สายปฏิบัติการ 2",
        "StationType": "CEMs",
        "TimeBase": null,
        "LastUpdate": "2026-08-16 11:00",
        "LastUpdate_TH": "16 ส.ค. 2569, 11:00",
        "LastUpdate_EN": "16 Aug,2026 11:00",
        "StationActive": "2023-09-04 16:00",
        "Status": "ONLINE",
        "Comment": null,
        "GroupCode": "20",
        "WD": null,
        "WS": null,
        "TEMP": null,
        "RH": null,
        "BP": null,
        "RAIN": null,
        "SRAD": null,
        "PM25": null,
        "PM10": null,
        "TSP": null,
        "SO2": null,
        "NO2": null,
        "NOx": null,
        "NO": null,
        "CO": null,
        "AQI": null,
        "H2S": null,
        "CH4": null,
        "NMHC": null,
        "THC": null
      }
    },
    {
      "type": "Feature",
      "geometry": {
        "type": "Point",
        "coordinates": [
          100.46618786290189,
          14.699031715113943
        ]
      },
      "properties": {
        "Code": "278",
        "StationShort": "B.GRIMM POWER (ANG THONG) 3",
        "StationTH": "บริษัท อมตะ บี.กริม เพาเวอร์ (อ่างทอง) 3 จำกัด",
        "StationEN": "B.GRIMM POWER (ANG THONG) 3",
        "IndustryZone": "เอส อ่างทอง",
        "Zone": "สายปฏิบัติการ 1",
        "StationType": "CEMs",
        "TimeBase": null,
        "LastUpdate": "2026-08-16 11:00",
        "LastUpdate_TH": "16 ส.ค. 2569, 11:00",
        "LastUpdate_EN": "16 Aug,2026 11:00",
        "StationActive": "2023-11-28 10:00",
        "Status": "ONLINE",
        "Comment": null,
        "GroupCode": "34",
        "WD": null,
        "WS": null,
        "TEMP": null,
        "RH": null,
        "BP": null,
        "RAIN": null,
        "SRAD": null,
        "PM25": null,
        "PM10": null,
        "TSP": null,
        "SO2": null,
        "NO2": null,
        "NOx": null,
        "NO": null,
        "CO": null,
        "AQI": null,
        "H2S": null,
        "CH4": null,
        "NMHC": null,
        "THC": null
      }
    },
    {
      "type": "Feature",
      "geometry": {
        "type": "Point",
        "coordinates": [
          100.65218254931054,
          13.533352244368984
        ]
      },
      "properties": {
        "Code": "325",
        "StationShort": "SSUT Auxiliary Boiler",
        "StationTH": "บริษัท  เอสเอสยูที จำกัด",
        "StationEN": "SSUT_Auxiliary_Boiler",
        "IndustryZone": "บางปู",
        "Zone": "สายปฏิบัติการ 1",
        "StationType": "CEMs",
        "TimeBase": null,
        "LastUpdate": "2026-08-16 09:00",
        "LastUpdate_TH": "16 ส.ค. 2569, 09:00",
        "LastUpdate_EN": "16 Aug,2026 09:00",
        "StationActive": "2026-06-16 13:00",
        "Status": "ONLINE",
        "Comment": null,
        "GroupCode": "16",
        "WD": null,
        "WS": null,
        "TEMP": null,
        "RH": null,
        "BP": null,
        "RAIN": null,
        "SRAD": null,
        "PM25": null,
        "PM10": null,
        "TSP": null,
        "SO2": null,
        "NO2": null,
        "NOx": null,
        "NO": null,
        "CO": null,
        "AQI": null,
        "H2S": null,
        "CH4": null,
        "NMHC": null,
        "THC": null
      }
    },
    {
      "type": "Feature",
      "geometry": {
        "type": "Point",
        "coordinates": [
          100.6445516355763,
          13.533393533197591
        ]
      },
      "properties": {
        "Code": "326",
        "StationShort": "akkhieprakarn",
        "StationTH": "บริษัท อัคคีปราการ จำกัด",
        "StationEN": "AKP",
        "IndustryZone": "บางปู",
        "Zone": "สายปฏิบัติการ 1",
        "StationType": "CEMs",
        "TimeBase": null,
        "LastUpdate": "2026-08-16 11:04",
        "LastUpdate_TH": "16 ส.ค. 2569, 11:04",
        "LastUpdate_EN": "16 Aug,2026 11:04",
        "StationActive": "2026-06-16 14:20",
        "Status": "ONLINE",
        "Comment": null,
        "GroupCode": "16",
        "WD": null,
        "WS": null,
        "TEMP": 31.25,
        "RH": null,
        "BP": null,
        "RAIN": null,
        "SRAD": null,
        "PM25": null,
        "PM10": null,
        "TSP": null,
        "SO2": 1.43,
        "NO2": null,
        "NOx": 41.88,
        "NO": null,
        "CO": 36.63,
        "AQI": null,
        "H2S": null,
        "CH4": null,
        "NMHC": null,
        "THC": 6.84
      }
    },
    {
      "type": "Feature",
      "geometry": {
        "type": "Point",
        "coordinates": [
          100.6559003509614,
          13.538084845535455
        ]
      },
      "properties": {
        "Code": "327",
        "StationShort": "Bpec",
        "StationTH": "บางปู เอ็นไวรอนเมนทอล คอมเพล็กส์",
        "StationEN": "Bpec",
        "IndustryZone": "บางปู",
        "Zone": "สายปฏิบัติการ 1",
        "StationType": "CEMs",
        "TimeBase": null,
        "LastUpdate": "2026-08-16 11:03",
        "LastUpdate_TH": "16 ส.ค. 2569, 11:03",
        "LastUpdate_EN": "16 Aug,2026 11:03",
        "StationActive": "2026-06-16 14:19",
        "Status": "ONLINE",
        "Comment": "Opacity เกินค่ามาตรฐาน จำนวน 6 วัน",
        "GroupCode": "16",
        "WD": null,
        "WS": null,
        "TEMP": null,
        "RH": null,
        "BP": null,
        "RAIN": null,
        "SRAD": null,
        "PM25": null,
        "PM10": null,
        "TSP": null,
        "SO2": null,
        "NO2": null,
        "NOx": null,
        "NO": null,
        "CO": null,
        "AQI": null,
        "H2S": null,
        "CH4": null,
        "NMHC": null,
        "THC": null
      }
    },
    {
      "type": "Feature",
      "geometry": {
        "type": "Point",
        "coordinates": [
          100.80017783373287,
          13.770377886513435
        ]
      },
      "properties": {
        "Code": "328",
        "StationShort": "Thai Honda",
        "StationTH": "บริษัท ไทยฮอนด้า จำกัด",
        "StationEN": "Thai Honda",
        "IndustryZone": "ลาดกระบัง",
        "Zone": "สายปฏิบัติการ 1",
        "StationType": "CEMs",
        "TimeBase": null,
        "LastUpdate": "2026-08-16 11:00",
        "LastUpdate_TH": "16 ส.ค. 2569, 11:00",
        "LastUpdate_EN": "16 Aug,2026 11:00",
        "StationActive": "2026-07-06 15:00",
        "Status": "ONLINE",
        "Comment": null,
        "GroupCode": "10",
        "WD": null,
        "WS": null,
        "TEMP": null,
        "RH": null,
        "BP": null,
        "RAIN": null,
        "SRAD": null,
        "PM25": null,
        "PM10": null,
        "TSP": null,
        "SO2": null,
        "NO2": null,
        "NOx": null,
        "NO": null,
        "CO": null,
        "AQI": null,
        "H2S": null,
        "CH4": null,
        "NMHC": null,
        "THC": null
      }
    },
    {
      "type": "Feature",
      "geometry": {
        "type": "Point",
        "coordinates": [
          0.0,
          0.0
        ]
      },
      "properties": {
        "Code": "329",
        "StationShort": "HAL",
        "StationTH": "บริษัท ฮาล อะลูมินัม (ประเทศไทย) จำกัด",
        "StationEN": "HAL Aluminum",
        "IndustryZone": "อีสเทิร์นซีบอร์ด(ระยอง)",
        "Zone": "สายปฏิบัติการ 2",
        "StationType": "CEMs",
        "TimeBase": null,
        "LastUpdate": "2026-08-16 11:00",
        "LastUpdate_TH": "16 ส.ค. 2569, 11:00",
        "LastUpdate_EN": "16 Aug,2026 11:00",
        "StationActive": "2026-07-06 15:00",
        "Status": "ONLINE",
        "Comment": "อยู่ระหว่างเชื่อมโยงข้อมูล",
        "GroupCode": "26",
        "WD": null,
        "WS": null,
        "TEMP": null,
        "RH": null,
        "BP": null,
        "RAIN": null,
        "SRAD": null,
        "PM25": null,
        "PM10": null,
        "TSP": null,
        "SO2": null,
        "NO2": null,
        "NOx": null,
        "NO": null,
        "CO": null,
        "AQI": null,
        "H2S": null,
        "CH4": null,
        "NMHC": null,
        "THC": null
      }
    },
    {
      "type": "Feature",
      "geometry": {
        "type": "Point",
        "coordinates": [
          101.16235863948245,
          13.004917300234803
        ]
      },
      "properties": {
        "Code": "264",
        "StationShort": "Gulf SRC 2",
        "StationTH": "บริษัท กัลฟ์ เอสอาร์ซี จำกัด SRC2",
        "StationEN": "Gulf SRC-2",
        "IndustryZone": "ดับบลิวเอชเอ อีสเทิร์นซีบอร์ด",
        "Zone": "สายปฏิบัติการ 2",
        "StationType": "CEMs",
        "TimeBase": null,
        "LastUpdate": "2026-08-16 11:00",
        "LastUpdate_TH": "16 ส.ค. 2569, 11:00",
        "LastUpdate_EN": "16 Aug,2026 11:00",
        "StationActive": "2022-09-22 12:00",
        "Status": "ONLINE",
        "Comment": null,
        "GroupCode": "28",
        "WD": null,
        "WS": null,
        "TEMP": null,
        "RH": null,
        "BP": null,
        "RAIN": null,
        "SRAD": null,
        "PM25": null,
        "PM10": null,
        "TSP": null,
        "SO2": null,
        "NO2": null,
        "NOx": null,
        "NO": null,
        "CO": null,
        "AQI": null,
        "H2S": null,
        "CH4": null,
        "NMHC": null,
        "THC": null
      }
    },
    {
      "type": "Feature",
      "geometry": {
        "type": "Point",
        "coordinates": [
          101.16235863948245,
          13.004917300234803
        ]
      },
      "properties": {
        "Code": "265",
        "StationShort": "Gulf SRC 3",
        "StationTH": "บริษัท กัลฟ์ เอสอาร์ซี จำกัด SRC3",
        "StationEN": "Gulf SRC-3",
        "IndustryZone": "ดับบลิวเอชเอ อีสเทิร์นซีบอร์ด",
        "Zone": "สายปฏิบัติการ 2",
        "StationType": "CEMs",
        "TimeBase": null,
        "LastUpdate": "2026-08-16 11:00",
        "LastUpdate_TH": "16 ส.ค. 2569, 11:00",
        "LastUpdate_EN": "16 Aug,2026 11:00",
        "StationActive": "2022-09-22 12:00",
        "Status": "ONLINE",
        "Comment": null,
        "GroupCode": "28",
        "WD": null,
        "WS": null,
        "TEMP": null,
        "RH": null,
        "BP": null,
        "RAIN": null,
        "SRAD": null,
        "PM25": null,
        "PM10": null,
        "TSP": null,
        "SO2": null,
        "NO2": null,
        "NOx": null,
        "NO": null,
        "CO": null,
        "AQI": null,
        "H2S": null,
        "CH4": null,
        "NMHC": null,
        "THC": null
      }
    },
    {
      "type": "Feature",
      "geometry": {
        "type": "Point",
        "coordinates": [
          101.16235863948245,
          13.004917300234803
        ]
      },
      "properties": {
        "Code": "266",
        "StationShort": "Gulf SRC 4",
        "StationTH": "บริษัท กัลฟ์ เอสอาร์ซี จำกัด SRC4",
        "StationEN": "Gulf SRC-4",
        "IndustryZone": "ดับบลิวเอชเอ อีสเทิร์นซีบอร์ด",
        "Zone": "สายปฏิบัติการ 2",
        "StationType": "CEMs",
        "TimeBase": null,
        "LastUpdate": "2026-08-16 11:00",
        "LastUpdate_TH": "16 ส.ค. 2569, 11:00",
        "LastUpdate_EN": "16 Aug,2026 11:00",
        "StationActive": "2024-01-24 12:00",
        "Status": "ONLINE",
        "Comment": null,
        "GroupCode": "28",
        "WD": null,
        "WS": null,
        "TEMP": null,
        "RH": null,
        "BP": null,
        "RAIN": null,
        "SRAD": null,
        "PM25": null,
        "PM10": null,
        "TSP": null,
        "SO2": null,
        "NO2": null,
        "NOx": null,
        "NO": null,
        "CO": null,
        "AQI": null,
        "H2S": null,
        "CH4": null,
        "NMHC": null,
        "THC": null
      }
    },
    {
      "type": "Feature",
      "geometry": {
        "type": "Point",
        "coordinates": [
          101.02755403491228,
          13.421529391833669
        ]
      },
      "properties": {
        "Code": "249",
        "StationShort": "AMATA B.GRIMM POWER 2 LIMITED",
        "StationTH": "บริษัท อมตะ บี.กริม เพาเวอร์ 2 จำกัด",
        "StationEN": "AMATA B.GRIMM POWER 2 LIMITED",
        "IndustryZone": "อมตะซิตี้ ชลบุรี",
        "Zone": "สายปฏิบัติการ 2",
        "StationType": "CEMs",
        "TimeBase": null,
        "LastUpdate": "2026-08-16 11:00",
        "LastUpdate_TH": "16 ส.ค. 2569, 11:00",
        "LastUpdate_EN": "16 Aug,2026 11:00",
        "StationActive": "2022-01-28 15:00",
        "Status": "ONLINE",
        "Comment": null,
        "GroupCode": "15",
        "WD": null,
        "WS": null,
        "TEMP": null,
        "RH": null,
        "BP": null,
        "RAIN": null,
        "SRAD": null,
        "PM25": null,
        "PM10": null,
        "TSP": null,
        "SO2": null,
        "NO2": null,
        "NOx": null,
        "NO": null,
        "CO": null,
        "AQI": null,
        "H2S": null,
        "CH4": null,
        "NMHC": null,
        "THC": null
      }
    },
    {
      "type": "Feature",
      "geometry": {
        "type": "Point",
        "coordinates": [
          101.14004,
          12.700539
        ]
      },
      "properties": {
        "Code": "250",
        "StationShort": "PTTGC Olefins Plant 4",
        "StationTH": "บมจ.พีทีที โกลบอล เคมิคอล",
        "StationEN": "PTTGC Olefins Plant 4",
        "IndustryZone": "มาบตาพุด",
        "Zone": "สายปฏิบัติการ 3",
        "StationType": "CEMs",
        "TimeBase": null,
        "LastUpdate": "2026-08-14 18:00",
        "LastUpdate_TH": "14 ส.ค. 2569, 18:00",
        "LastUpdate_EN": "14 Aug,2026 18:00",
        "StationActive": "2023-03-03 17:00",
        "Status": "OFFLINE (2 วัน)",
        "Comment": null,
        "GroupCode": "6",
        "WD": null,
        "WS": null,
        "TEMP": null,
        "RH": null,
        "BP": null,
        "RAIN": null,
        "SRAD": null,
        "PM25": null,
        "PM10": null,
        "TSP": null,
        "SO2": null,
        "NO2": null,
        "NOx": null,
        "NO": null,
        "CO": null,
        "AQI": null,
        "H2S": null,
        "CH4": null,
        "NMHC": null,
        "THC": null
      }
    },
    {
      "type": "Feature",
      "geometry": {
        "type": "Point",
        "coordinates": [
          100.15458618650659,
          16.572614030461743
        ]
      },
      "properties": {
        "Code": "253",
        "StationShort": "Cloverpower CP1",
        "StationTH": "บจก. โคลเวอร์ พิจิตร",
        "StationEN": "Cloverpower CP1",
        "IndustryZone": "พิจิตร",
        "Zone": "สายปฏิบัติการ 1",
        "StationType": "CEMs",
        "TimeBase": null,
        "LastUpdate": "2026-08-15 23:00",
        "LastUpdate_TH": "15 ส.ค. 2569, 23:00",
        "LastUpdate_EN": "15 Aug,2026 23:00",
        "StationActive": "2022-07-14 15:00",
        "Status": "OFFLINE (1 วัน)",
        "Comment": "อยู่ระหว่างตรวจสอบหาสาเหตุ ไม่มีการอัปเดต ตั้งแต่วันที่ 13/8/2569",
        "GroupCode": "19",
        "WD": null,
        "WS": null,
        "TEMP": null,
        "RH": null,
        "BP": null,
        "RAIN": null,
        "SRAD": null,
        "PM25": null,
        "PM10": null,
        "TSP": null,
        "SO2": null,
        "NO2": null,
        "NOx": null,
        "NO": null,
        "CO": null,
        "AQI": null,
        "H2S": null,
        "CH4": null,
        "NMHC": null,
        "THC": null
      }
    },
    {
      "type": "Feature",
      "geometry": {
        "type": "Point",
        "coordinates": [
          101.08629610026374,
          12.702056666846659
        ]
      },
      "properties": {
        "Code": "254",
        "StationShort": "B.GRIMM POWER (AIE-MTP)(R2)",
        "StationTH": "บจก.บี.กริม เพาเวอร์ (เอไออี-เอ็มทีพี)",
        "StationEN": "B.GRIMM POWER (AIE-MTP)(R2)",
        "IndustryZone": "เอเชีย",
        "Zone": "สายปฏิบัติการ 3",
        "StationType": "CEMs",
        "TimeBase": null,
        "LastUpdate": "2026-08-15 01:00",
        "LastUpdate_TH": "15 ส.ค. 2569, 01:00",
        "LastUpdate_EN": "15 Aug,2026 01:00",
        "StationActive": "2022-05-26 17:00",
        "Status": "OFFLINE (1 วัน)",
        "Comment": null,
        "GroupCode": "9",
        "WD": null,
        "WS": null,
        "TEMP": null,
        "RH": null,
        "BP": null,
        "RAIN": null,
        "SRAD": null,
        "PM25": null,
        "PM10": null,
        "TSP": null,
        "SO2": null,
        "NO2": null,
        "NOx": null,
        "NO": null,
        "CO": null,
        "AQI": null,
        "H2S": null,
        "CH4": null,
        "NMHC": null,
        "THC": null
      }
    },
    {
      "type": "Feature",
      "geometry": {
        "type": "Point",
        "coordinates": [
          100.89479533068423,
          13.092468497353183
        ]
      },
      "properties": {
        "Code": "255",
        "StationShort": "B.Grimm Power BPLC1",
        "StationTH": "บริษัท บี.กริม เพาเวอร์ (แหลมฉบัง) 1 จำกัด",
        "StationEN": "B.GRIMM POWER (LAEM CHABANG) 1 LIMITED",
        "IndustryZone": "แหลมฉบัง",
        "Zone": "สายปฏิบัติการ 2",
        "StationType": "CEMs",
        "TimeBase": null,
        "LastUpdate": "2026-08-16 11:00",
        "LastUpdate_TH": "16 ส.ค. 2569, 11:00",
        "LastUpdate_EN": "16 Aug,2026 11:00",
        "StationActive": "2022-01-17 13:00",
        "Status": "ONLINE",
        "Comment": null,
        "GroupCode": "20",
        "WD": null,
        "WS": null,
        "TEMP": null,
        "RH": null,
        "BP": null,
        "RAIN": null,
        "SRAD": null,
        "PM25": null,
        "PM10": null,
        "TSP": null,
        "SO2": null,
        "NO2": null,
        "NOx": null,
        "NO": null,
        "CO": null,
        "AQI": null,
        "H2S": null,
        "CH4": null,
        "NMHC": null,
        "THC": null
      }
    },
    {
      "type": "Feature",
      "geometry": {
        "type": "Point",
        "coordinates": [
          101.16094302845002,
          12.655376839604644
        ]
      },
      "properties": {
        "Code": "256",
        "StationShort": "PTTLNG MTP IPG",
        "StationTH": "บมจ.พีทีที โกลบอล เคมิคอล",
        "StationEN": "PTTLNG MTP IPG",
        "IndustryZone": "มาบตาพุด",
        "Zone": "สายปฏิบัติการ 3",
        "StationType": "CEMs",
        "TimeBase": null,
        "LastUpdate": "2026-08-16 10:00",
        "LastUpdate_TH": "16 ส.ค. 2569, 10:00",
        "LastUpdate_EN": "16 Aug,2026 10:00",
        "StationActive": "2022-07-27 11:00",
        "Status": "ONLINE",
        "Comment": null,
        "GroupCode": "6",
        "WD": null,
        "WS": null,
        "TEMP": null,
        "RH": null,
        "BP": null,
        "RAIN": null,
        "SRAD": null,
        "PM25": null,
        "PM10": null,
        "TSP": null,
        "SO2": null,
        "NO2": null,
        "NOx": null,
        "NO": null,
        "CO": null,
        "AQI": null,
        "H2S": null,
        "CH4": null,
        "NMHC": null,
        "THC": null
      }
    },
    {
      "type": "Feature",
      "geometry": {
        "type": "Point",
        "coordinates": [
          101.1269667,
          12.7036536
        ]
      },
      "properties": {
        "Code": "257",
        "StationShort": "PTTGC POLYOLS",
        "StationTH": "บมจ.พีทีที โกลบอล เคมิคอล",
        "StationEN": "PTTGC POLYOLS",
        "IndustryZone": "มาบตาพุด",
        "Zone": "สายปฏิบัติการ 3",
        "StationType": "CEMs",
        "TimeBase": null,
        "LastUpdate": "2026-08-14 16:00",
        "LastUpdate_TH": "14 ส.ค. 2569, 16:00",
        "LastUpdate_EN": "14 Aug,2026 16:00",
        "StationActive": "2022-08-16 09:00",
        "Status": "OFFLINE (2 วัน)",
        "Comment": null,
        "GroupCode": "6",
        "WD": null,
        "WS": null,
        "TEMP": null,
        "RH": null,
        "BP": null,
        "RAIN": null,
        "SRAD": null,
        "PM25": null,
        "PM10": null,
        "TSP": null,
        "SO2": null,
        "NO2": null,
        "NOx": null,
        "NO": null,
        "CO": null,
        "AQI": null,
        "H2S": null,
        "CH4": null,
        "NMHC": null,
        "THC": null
      }
    },
    {
      "type": "Feature",
      "geometry": {
        "type": "Point",
        "coordinates": [
          100.1545883,
          16.5737107
        ]
      },
      "properties": {
        "Code": "233",
        "StationShort": "AVA",
        "StationTH": "บจก.เอวา แกรนด์ เอ็นเนอร์ยี่",
        "StationEN": "AVA Grand Energy",
        "IndustryZone": "พิจิตร",
        "Zone": "สายปฏิบัติการ 1",
        "StationType": "CEMs",
        "TimeBase": null,
        "LastUpdate": "2026-08-15 16:00",
        "LastUpdate_TH": "15 ส.ค. 2569, 16:00",
        "LastUpdate_EN": "15 Aug,2026 16:00",
        "StationActive": "2020-04-01 00:00",
        "Status": "OFFLINE (1 วัน)",
        "Comment": null,
        "GroupCode": "19",
        "WD": null,
        "WS": null,
        "TEMP": 136.65,
        "RH": null,
        "BP": null,
        "RAIN": null,
        "SRAD": null,
        "PM25": null,
        "PM10": null,
        "TSP": 1.13,
        "SO2": null,
        "NO2": null,
        "NOx": null,
        "NO": null,
        "CO": 2.08,
        "AQI": null,
        "H2S": null,
        "CH4": null,
        "NMHC": null,
        "THC": null
      }
    },
    {
      "type": "Feature",
      "geometry": {
        "type": "Point",
        "coordinates": [
          100.5912946,
          14.501382
        ]
      },
      "properties": {
        "Code": "234",
        "StationShort": "RH",
        "StationTH": "บจก.รีคัฟเวอรี่ เฮ้าส์",
        "StationEN": "Recovery House",
        "IndustryZone": "นครหลวง",
        "Zone": "สายปฏิบัติการ 1",
        "StationType": "CEMs",
        "TimeBase": null,
        "LastUpdate": "2026-08-15 04:00",
        "LastUpdate_TH": "15 ส.ค. 2569, 04:00",
        "LastUpdate_EN": "15 Aug,2026 04:00",
        "StationActive": "2020-04-01 00:00",
        "Status": "OFFLINE (1 วัน)",
        "Comment": "อยู่ระหว่างตรวจสอบหาสาเหตุ ไม่มีการอัปเดต ตั้งแต่วันที่ 13/8/2569",
        "GroupCode": "32",
        "WD": null,
        "WS": null,
        "TEMP": 160.3,
        "RH": null,
        "BP": null,
        "RAIN": null,
        "SRAD": null,
        "PM25": null,
        "PM10": null,
        "TSP": null,
        "SO2": null,
        "NO2": null,
        "NOx": null,
        "NO": null,
        "CO": 14.04,
        "AQI": null,
        "H2S": null,
        "CH4": null,
        "NMHC": null,
        "THC": null
      }
    },
    {
      "type": "Feature",
      "geometry": {
        "type": "Point",
        "coordinates": [
          100.1526222,
          16.5739708
        ]
      },
      "properties": {
        "Code": "235",
        "StationShort": "SUPER EARTH ENERGY 6",
        "StationTH": "บจก.ซุปเปอร์ เอิร์ธ เอนเนอร์ยี 6",
        "StationEN": "SUPER EARTH ENERGY 6",
        "IndustryZone": "พิจิตร",
        "Zone": "สายปฏิบัติการ 1",
        "StationType": "CEMs",
        "TimeBase": null,
        "LastUpdate": "2026-08-15 23:00",
        "LastUpdate_TH": "15 ส.ค. 2569, 23:00",
        "LastUpdate_EN": "15 Aug,2026 23:00",
        "StationActive": "2020-09-22 18:00",
        "Status": "OFFLINE (1 วัน)",
        "Comment": "หยุดส่งค่า CEMS ชั่วคราว เนื่องจากหยุดซ่อมบำรุงเครื่องจักรฉุกเฉิน (ฺBreak Down) ไม่มีการอัปเดต ตั้งแต่วันที่ 10/8/2569",
        "GroupCode": "19",
        "WD": null,
        "WS": null,
        "TEMP": 122.51,
        "RH": null,
        "BP": null,
        "RAIN": null,
        "SRAD": null,
        "PM25": null,
        "PM10": null,
        "TSP": 4.62,
        "SO2": null,
        "NO2": null,
        "NOx": null,
        "NO": null,
        "CO": 7.91,
        "AQI": null,
        "H2S": null,
        "CH4": null,
        "NMHC": null,
        "THC": null
      }
    },
    {
      "type": "Feature",
      "geometry": {
        "type": "Point",
        "coordinates": [
          101.140351,
          12.702934
        ]
      },
      "properties": {
        "Code": "236",
        "StationShort": "PTTGC I-1 (EPS3)",
        "StationTH": "บมจ.พีทีที โกลบอล เคมิคอล",
        "StationEN": "PTTGC I-1 (EPS3)",
        "IndustryZone": "มาบตาพุด",
        "Zone": "สายปฏิบัติการ 3",
        "StationType": "CEMs",
        "TimeBase": null,
        "LastUpdate": "2026-08-14 18:00",
        "LastUpdate_TH": "14 ส.ค. 2569, 18:00",
        "LastUpdate_EN": "14 Aug,2026 18:00",
        "StationActive": "2023-05-13 14:00",
        "Status": "OFFLINE (2 วัน)",
        "Comment": null,
        "GroupCode": "6",
        "WD": null,
        "WS": null,
        "TEMP": null,
        "RH": null,
        "BP": null,
        "RAIN": null,
        "SRAD": null,
        "PM25": null,
        "PM10": null,
        "TSP": null,
        "SO2": null,
        "NO2": null,
        "NOx": null,
        "NO": null,
        "CO": null,
        "AQI": null,
        "H2S": null,
        "CH4": null,
        "NMHC": null,
        "THC": null
      }
    },
    {
      "type": "Feature",
      "geometry": {
        "type": "Point",
        "coordinates": [
          101.13108337428783,
          12.976999659148762
        ]
      },
      "properties": {
        "Code": "237",
        "StationShort": "NS-OG AMATA",
        "StationTH": "บจก.เอ็นเอส-โอจี เอนเนอร์จี โซลูชั่นส์  (ไทยแลนด์ ) :",
        "StationEN": "NS-OG AMATA",
        "IndustryZone": "อมตะซิตี้ ระยอง",
        "Zone": "สายปฏิบัติการ 2",
        "StationType": "CEMs",
        "TimeBase": null,
        "LastUpdate": "2026-08-16 11:00",
        "LastUpdate_TH": "16 ส.ค. 2569, 11:00",
        "LastUpdate_EN": "16 Aug,2026 11:00",
        "StationActive": "2020-12-03 13:00",
        "Status": "ONLINE",
        "Comment": null,
        "GroupCode": "14",
        "WD": null,
        "WS": null,
        "TEMP": 158.64,
        "RH": null,
        "BP": null,
        "RAIN": null,
        "SRAD": null,
        "PM25": null,
        "PM10": null,
        "TSP": null,
        "SO2": null,
        "NO2": null,
        "NOx": 35.11,
        "NO": null,
        "CO": 4.4,
        "AQI": null,
        "H2S": null,
        "CH4": null,
        "NMHC": null,
        "THC": null
      }
    },
    {
      "type": "Feature",
      "geometry": {
        "type": "Point",
        "coordinates": [
          100.90012672962584,
          14.390099647259792
        ]
      },
      "properties": {
        "Code": "240",
        "StationShort": "ENESOL",
        "StationTH": "บริษัท เอ็นเนซอล จำกัด",
        "StationEN": "ENESOL",
        "IndustryZone": "หนองแค",
        "Zone": "สายปฏิบัติการ 1",
        "StationType": "CEMs",
        "TimeBase": null,
        "LastUpdate": "2026-08-16 10:57",
        "LastUpdate_TH": "16 ส.ค. 2569, 10:57",
        "LastUpdate_EN": "16 Aug,2026 10:57",
        "StationActive": "2023-03-07 17:13",
        "Status": "ONLINE",
        "Comment": null,
        "GroupCode": "22",
        "WD": null,
        "WS": null,
        "TEMP": null,
        "RH": null,
        "BP": null,
        "RAIN": null,
        "SRAD": null,
        "PM25": null,
        "PM10": null,
        "TSP": null,
        "SO2": null,
        "NO2": null,
        "NOx": null,
        "NO": null,
        "CO": null,
        "AQI": null,
        "H2S": null,
        "CH4": null,
        "NMHC": null,
        "THC": null
      }
    },
    {
      "type": "Feature",
      "geometry": {
        "type": "Point",
        "coordinates": [
          101.098198,
          12.935165
        ]
      },
      "properties": {
        "Code": "241",
        "StationShort": "AMATA B.GRIMM POWER (RAYONG) 4 LIMITED",
        "StationTH": "บริษัท อมตะ บี.กริม เพาเวอร์ (ระยอง) 4 จำกัด",
        "StationEN": "AMATA B.GRIMM POWER (RAYONG) 4 LIMITED",
        "IndustryZone": "อมตะซิตี้ ระยอง",
        "Zone": "สายปฏิบัติการ 2",
        "StationType": "CEMs",
        "TimeBase": null,
        "LastUpdate": "2026-08-16 11:00",
        "LastUpdate_TH": "16 ส.ค. 2569, 11:00",
        "LastUpdate_EN": "16 Aug,2026 11:00",
        "StationActive": "2023-02-01 00:00",
        "Status": "ONLINE",
        "Comment": null,
        "GroupCode": "14",
        "WD": null,
        "WS": null,
        "TEMP": null,
        "RH": null,
        "BP": null,
        "RAIN": null,
        "SRAD": null,
        "PM25": null,
        "PM10": null,
        "TSP": null,
        "SO2": null,
        "NO2": null,
        "NOx": null,
        "NO": null,
        "CO": null,
        "AQI": null,
        "H2S": null,
        "CH4": null,
        "NMHC": null,
        "THC": null
      }
    },
    {
      "type": "Feature",
      "geometry": {
        "type": "Point",
        "coordinates": [
          101.191973,
          13.049172
        ]
      },
      "properties": {
        "Code": "242",
        "StationShort": "Gulf SRC 1",
        "StationTH": "บริษัท กัลฟ์ เอสอาร์ซี จำกัด SRC1",
        "StationEN": "Gulf SRC-1",
        "IndustryZone": "ดับบลิวเอชเอ อีสเทิร์นซีบอร์ด",
        "Zone": "สายปฏิบัติการ 2",
        "StationType": "CEMs",
        "TimeBase": null,
        "LastUpdate": "2026-08-16 11:00",
        "LastUpdate_TH": "16 ส.ค. 2569, 11:00",
        "LastUpdate_EN": "16 Aug,2026 11:00",
        "StationActive": "2021-04-23 10:00",
        "Status": "ONLINE",
        "Comment": null,
        "GroupCode": "28",
        "WD": null,
        "WS": null,
        "TEMP": null,
        "RH": null,
        "BP": null,
        "RAIN": null,
        "SRAD": null,
        "PM25": null,
        "PM10": null,
        "TSP": null,
        "SO2": null,
        "NO2": null,
        "NOx": null,
        "NO": null,
        "CO": null,
        "AQI": null,
        "H2S": null,
        "CH4": null,
        "NMHC": null,
        "THC": null
      }
    },
    {
      "type": "Feature",
      "geometry": {
        "type": "Point",
        "coordinates": [
          100.588263,
          14.202473
        ]
      },
      "properties": {
        "Code": "243",
        "StationShort": "KES(THAILAND)",
        "StationTH": "คันไซ เอนเนอร์จี โซลูชั่นส์ (ประเทศไทย) จำกัด",
        "StationEN": "KES(THAILAND)",
        "IndustryZone": "บางปะอิน",
        "Zone": "สายปฏิบัติการ 1",
        "StationType": "CEMs",
        "TimeBase": null,
        "LastUpdate": "2026-08-16 10:00",
        "LastUpdate_TH": "16 ส.ค. 2569, 10:00",
        "LastUpdate_EN": "16 Aug,2026 10:00",
        "StationActive": "2021-08-09 12:00",
        "Status": "ONLINE",
        "Comment": null,
        "GroupCode": "13",
        "WD": null,
        "WS": null,
        "TEMP": null,
        "RH": null,
        "BP": null,
        "RAIN": null,
        "SRAD": null,
        "PM25": null,
        "PM10": null,
        "TSP": null,
        "SO2": null,
        "NO2": null,
        "NOx": null,
        "NO": null,
        "CO": null,
        "AQI": null,
        "H2S": null,
        "CH4": null,
        "NMHC": null,
        "THC": null
      }
    },
    {
      "type": "Feature",
      "geometry": {
        "type": "Point",
        "coordinates": [
          100.65218254931054,
          13.533352244368984
        ]
      },
      "properties": {
        "Code": "244",
        "StationShort": "SSUT_HRSG11",
        "StationTH": "บริษัท  เอสเอสยูที จำกัด",
        "StationEN": "SSUT_HRSG11",
        "IndustryZone": "บางปู",
        "Zone": "สายปฏิบัติการ 1",
        "StationType": "CEMs",
        "TimeBase": null,
        "LastUpdate": "2026-08-16 09:00",
        "LastUpdate_TH": "16 ส.ค. 2569, 09:00",
        "LastUpdate_EN": "16 Aug,2026 09:00",
        "StationActive": "2021-06-14 14:02",
        "Status": "ONLINE",
        "Comment": null,
        "GroupCode": "16",
        "WD": null,
        "WS": null,
        "TEMP": null,
        "RH": null,
        "BP": null,
        "RAIN": null,
        "SRAD": null,
        "PM25": null,
        "PM10": null,
        "TSP": null,
        "SO2": null,
        "NO2": null,
        "NOx": null,
        "NO": null,
        "CO": null,
        "AQI": null,
        "H2S": null,
        "CH4": null,
        "NMHC": null,
        "THC": null
      }
    },
    {
      "type": "Feature",
      "geometry": {
        "type": "Point",
        "coordinates": [
          100.65218254931054,
          13.533352244368984
        ]
      },
      "properties": {
        "Code": "245",
        "StationShort": "SSUT_HRSG12",
        "StationTH": "บริษัท  เอสเอสยูที จำกัด",
        "StationEN": "SSUT_HRSG12",
        "IndustryZone": "บางปู",
        "Zone": "สายปฏิบัติการ 1",
        "StationType": "CEMs",
        "TimeBase": null,
        "LastUpdate": "2026-08-16 09:00",
        "LastUpdate_TH": "16 ส.ค. 2569, 09:00",
        "LastUpdate_EN": "16 Aug,2026 09:00",
        "StationActive": "2026-06-16 11:00",
        "Status": "ONLINE",
        "Comment": null,
        "GroupCode": "16",
        "WD": null,
        "WS": null,
        "TEMP": null,
        "RH": null,
        "BP": null,
        "RAIN": null,
        "SRAD": null,
        "PM25": null,
        "PM10": null,
        "TSP": null,
        "SO2": null,
        "NO2": null,
        "NOx": null,
        "NO": null,
        "CO": null,
        "AQI": null,
        "H2S": null,
        "CH4": null,
        "NMHC": null,
        "THC": null
      }
    },
    {
      "type": "Feature",
      "geometry": {
        "type": "Point",
        "coordinates": [
          100.65218254931054,
          13.533352244368984
        ]
      },
      "properties": {
        "Code": "246",
        "StationShort": "SSUT_HRSG21",
        "StationTH": "บริษัท  เอสเอสยูที จำกัด",
        "StationEN": "SSUT_HRSG21",
        "IndustryZone": "บางปู",
        "Zone": "สายปฏิบัติการ 1",
        "StationType": "CEMs",
        "TimeBase": null,
        "LastUpdate": "2026-08-16 09:00",
        "LastUpdate_TH": "16 ส.ค. 2569, 09:00",
        "LastUpdate_EN": "16 Aug,2026 09:00",
        "StationActive": "2021-06-14 14:02",
        "Status": "ONLINE",
        "Comment": null,
        "GroupCode": "16",
        "WD": null,
        "WS": null,
        "TEMP": null,
        "RH": null,
        "BP": null,
        "RAIN": null,
        "SRAD": null,
        "PM25": null,
        "PM10": null,
        "TSP": null,
        "SO2": null,
        "NO2": null,
        "NOx": null,
        "NO": null,
        "CO": null,
        "AQI": null,
        "H2S": null,
        "CH4": null,
        "NMHC": null,
        "THC": null
      }
    },
    {
      "type": "Feature",
      "geometry": {
        "type": "Point",
        "coordinates": [
          100.65218254931054,
          13.533352244368984
        ]
      },
      "properties": {
        "Code": "247",
        "StationShort": "SSUT_HRSG22",
        "StationTH": "บริษัท  เอสเอสยูที จำกัด",
        "StationEN": "SSUT_HRSG22",
        "IndustryZone": "บางปู",
        "Zone": "สายปฏิบัติการ 1",
        "StationType": "CEMs",
        "TimeBase": null,
        "LastUpdate": "2026-08-16 09:00",
        "LastUpdate_TH": "16 ส.ค. 2569, 09:00",
        "LastUpdate_EN": "16 Aug,2026 09:00",
        "StationActive": "2021-06-14 14:02",
        "Status": "ONLINE",
        "Comment": null,
        "GroupCode": "16",
        "WD": null,
        "WS": null,
        "TEMP": null,
        "RH": null,
        "BP": null,
        "RAIN": null,
        "SRAD": null,
        "PM25": null,
        "PM10": null,
        "TSP": null,
        "SO2": null,
        "NO2": null,
        "NOx": null,
        "NO": null,
        "CO": null,
        "AQI": null,
        "H2S": null,
        "CH4": null,
        "NMHC": null,
        "THC": null
      }
    },
    {
      "type": "Feature",
      "geometry": {
        "type": "Point",
        "coordinates": [
          100.790609,
          13.770557
        ]
      },
      "properties": {
        "Code": "216",
        "StationShort": "NS-OG",
        "StationTH": "บจก.เอ็นเอส-โอจี เอนเนอร์จี โซลูชั่นส์ (ประเทศไทย)",
        "StationEN": "NS-OG",
        "IndustryZone": "ลาดกระบัง",
        "Zone": "สายปฏิบัติการ 1",
        "StationType": "CEMs",
        "TimeBase": null,
        "LastUpdate": "2026-08-16 11:00",
        "LastUpdate_TH": "16 ส.ค. 2569, 11:00",
        "LastUpdate_EN": "16 Aug,2026 11:00",
        "StationActive": "2018-03-01 00:00",
        "Status": "ONLINE",
        "Comment": null,
        "GroupCode": "10",
        "WD": null,
        "WS": null,
        "TEMP": 35.32,
        "RH": null,
        "BP": null,
        "RAIN": null,
        "SRAD": null,
        "PM25": null,
        "PM10": null,
        "TSP": null,
        "SO2": null,
        "NO2": null,
        "NOx": 0.12,
        "NO": null,
        "CO": 0.0,
        "AQI": null,
        "H2S": null,
        "CH4": null,
        "NMHC": null,
        "THC": null
      }
    },
    {
      "type": "Feature",
      "geometry": {
        "type": "Point",
        "coordinates": [
          101.194836,
          13.017426
        ]
      },
      "properties": {
        "Code": "217",
        "StationShort": "Gulf TS1",
        "StationTH": "โรงไฟฟ้าตาสิทธิ์ 1",
        "StationEN": "Gulf TS1",
        "IndustryZone": "อีสเทิร์นซีบอร์ด(ระยอง)",
        "Zone": "สายปฏิบัติการ 2",
        "StationType": "CEMs",
        "TimeBase": null,
        "LastUpdate": "2026-08-16 11:00",
        "LastUpdate_TH": "16 ส.ค. 2569, 11:00",
        "LastUpdate_EN": "16 Aug,2026 11:00",
        "StationActive": "2018-03-01 00:00",
        "Status": "ONLINE",
        "Comment": null,
        "GroupCode": "26",
        "WD": null,
        "WS": null,
        "TEMP": null,
        "RH": null,
        "BP": null,
        "RAIN": null,
        "SRAD": null,
        "PM25": null,
        "PM10": null,
        "TSP": null,
        "SO2": null,
        "NO2": null,
        "NOx": null,
        "NO": null,
        "CO": null,
        "AQI": null,
        "H2S": null,
        "CH4": null,
        "NMHC": null,
        "THC": null
      }
    },
    {
      "type": "Feature",
      "geometry": {
        "type": "Point",
        "coordinates": [
          101.194836,
          13.017426
        ]
      },
      "properties": {
        "Code": "218",
        "StationShort": "Gulf TS2",
        "StationTH": "โรงไฟฟ้าตาสิทธิ์ 2",
        "StationEN": "Gulf TS2",
        "IndustryZone": "อีสเทิร์นซีบอร์ด(ระยอง)",
        "Zone": "สายปฏิบัติการ 2",
        "StationType": "CEMs",
        "TimeBase": null,
        "LastUpdate": "2026-08-16 11:00",
        "LastUpdate_TH": "16 ส.ค. 2569, 11:00",
        "LastUpdate_EN": "16 Aug,2026 11:00",
        "StationActive": "2018-03-01 00:00",
        "Status": "ONLINE",
        "Comment": null,
        "GroupCode": "26",
        "WD": null,
        "WS": null,
        "TEMP": null,
        "RH": null,
        "BP": null,
        "RAIN": null,
        "SRAD": null,
        "PM25": null,
        "PM10": null,
        "TSP": null,
        "SO2": null,
        "NO2": null,
        "NOx": null,
        "NO": null,
        "CO": null,
        "AQI": null,
        "H2S": null,
        "CH4": null,
        "NMHC": null,
        "THC": null
      }
    },
    {
      "type": "Feature",
      "geometry": {
        "type": "Point",
        "coordinates": [
          101.18642,
          13.066
        ]
      },
      "properties": {
        "Code": "219",
        "StationShort": "Gulf TS3",
        "StationTH": "บจก.กัลฟ์ ทีเอส 3",
        "StationEN": "Gulf TS3",
        "IndustryZone": "ดับบลิวเอชเอ อีสเทิร์นซีบอร์ด",
        "Zone": "สายปฏิบัติการ 2",
        "StationType": "CEMs",
        "TimeBase": null,
        "LastUpdate": "2026-08-16 11:00",
        "LastUpdate_TH": "16 ส.ค. 2569, 11:00",
        "LastUpdate_EN": "16 Aug,2026 11:00",
        "StationActive": "2018-03-12 12:00",
        "Status": "ONLINE",
        "Comment": null,
        "GroupCode": "28",
        "WD": null,
        "WS": null,
        "TEMP": null,
        "RH": null,
        "BP": null,
        "RAIN": null,
        "SRAD": null,
        "PM25": null,
        "PM10": null,
        "TSP": null,
        "SO2": null,
        "NO2": null,
        "NOx": null,
        "NO": null,
        "CO": null,
        "AQI": null,
        "H2S": null,
        "CH4": null,
        "NMHC": null,
        "THC": null
      }
    },
    {
      "type": "Feature",
      "geometry": {
        "type": "Point",
        "coordinates": [
          101.18642,
          13.066
        ]
      },
      "properties": {
        "Code": "220",
        "StationShort": "Gulf TS4",
        "StationTH": "บจก.กัลฟ์ ทีเอส 4",
        "StationEN": "Gulf TS4",
        "IndustryZone": "ดับบลิวเอชเอ อีสเทิร์นซีบอร์ด",
        "Zone": "สายปฏิบัติการ 2",
        "StationType": "CEMs",
        "TimeBase": null,
        "LastUpdate": "2026-08-16 11:00",
        "LastUpdate_TH": "16 ส.ค. 2569, 11:00",
        "LastUpdate_EN": "16 Aug,2026 11:00",
        "StationActive": "2018-03-10 00:00",
        "Status": "ONLINE",
        "Comment": "HRSG1_SO2 เกินค่ามาตรฐาน จำนวน 1 วัน",
        "GroupCode": "28",
        "WD": null,
        "WS": null,
        "TEMP": null,
        "RH": null,
        "BP": null,
        "RAIN": null,
        "SRAD": null,
        "PM25": null,
        "PM10": null,
        "TSP": null,
        "SO2": null,
        "NO2": null,
        "NOx": null,
        "NO": null,
        "CO": null,
        "AQI": null,
        "H2S": null,
        "CH4": null,
        "NMHC": null,
        "THC": null
      }
    },
    {
      "type": "Feature",
      "geometry": {
        "type": "Point",
        "coordinates": [
          101.05108,
          13.45128
        ]
      },
      "properties": {
        "Code": "221",
        "StationShort": "DENSO",
        "StationTH": "บจก.สยาม เด็นโซ่ แมนูแฟคเจอริ่ง",
        "StationEN": "DENSO",
        "IndustryZone": "อมตะซิตี้ ชลบุรี",
        "Zone": "สายปฏิบัติการ 2",
        "StationType": "CEMs",
        "TimeBase": null,
        "LastUpdate": "2026-08-16 06:00",
        "LastUpdate_TH": "16 ส.ค. 2569, 06:00",
        "LastUpdate_EN": "16 Aug,2026 06:00",
        "StationActive": "2018-07-01 00:00",
        "Status": "ONLINE",
        "Comment": null,
        "GroupCode": "15",
        "WD": null,
        "WS": null,
        "TEMP": 30.42,
        "RH": null,
        "BP": null,
        "RAIN": null,
        "SRAD": null,
        "PM25": null,
        "PM10": null,
        "TSP": null,
        "SO2": null,
        "NO2": null,
        "NOx": null,
        "NO": null,
        "CO": null,
        "AQI": null,
        "H2S": null,
        "CH4": null,
        "NMHC": null,
        "THC": null
      }
    },
    {
      "type": "Feature",
      "geometry": {
        "type": "Point",
        "coordinates": [
          100.587759,
          14.2525
        ]
      },
      "properties": {
        "Code": "222",
        "StationShort": "Gulf BL",
        "StationTH": "บจก.กัลฟ์ บีแอล",
        "StationEN": "Gulf BL",
        "IndustryZone": "บ้านหว้า",
        "Zone": "สายปฏิบัติการ 1",
        "StationType": "CEMs",
        "TimeBase": null,
        "LastUpdate": "2026-08-16 11:00",
        "LastUpdate_TH": "16 ส.ค. 2569, 11:00",
        "LastUpdate_EN": "16 Aug,2026 11:00",
        "StationActive": "2018-07-26 20:00",
        "Status": "ONLINE",
        "Comment": null,
        "GroupCode": "30",
        "WD": null,
        "WS": null,
        "TEMP": null,
        "RH": null,
        "BP": null,
        "RAIN": null,
        "SRAD": null,
        "PM25": null,
        "PM10": null,
        "TSP": null,
        "SO2": null,
        "NO2": null,
        "NOx": null,
        "NO": null,
        "CO": null,
        "AQI": null,
        "H2S": null,
        "CH4": null,
        "NMHC": null,
        "THC": null
      }
    },
    {
      "type": "Feature",
      "geometry": {
        "type": "Point",
        "coordinates": [
          101.05619818706082,
          13.450797278608714
        ]
      },
      "properties": {
        "Code": "223",
        "StationShort": "AMATA B.GRIMM POWER 3 LIMITED",
        "StationTH": "บริษัท อมตะ บี.กริม เพาเวอร์ 3 จำกัด",
        "StationEN": "AMATA B.GRIMM POWER 3 LIMITED",
        "IndustryZone": "อมตะซิตี้ ชลบุรี",
        "Zone": "สายปฏิบัติการ 2",
        "StationType": "CEMs",
        "TimeBase": null,
        "LastUpdate": "2026-08-16 11:00",
        "LastUpdate_TH": "16 ส.ค. 2569, 11:00",
        "LastUpdate_EN": "16 Aug,2026 11:00",
        "StationActive": "2018-08-03 13:00",
        "Status": "ONLINE",
        "Comment": null,
        "GroupCode": "15",
        "WD": null,
        "WS": null,
        "TEMP": null,
        "RH": null,
        "BP": null,
        "RAIN": null,
        "SRAD": null,
        "PM25": null,
        "PM10": null,
        "TSP": null,
        "SO2": null,
        "NO2": null,
        "NOx": null,
        "NO": null,
        "CO": null,
        "AQI": null,
        "H2S": null,
        "CH4": null,
        "NMHC": null,
        "THC": null
      }
    },
    {
      "type": "Feature",
      "geometry": {
        "type": "Point",
        "coordinates": [
          101.05679276615581,
          13.436019171427585
        ]
      },
      "properties": {
        "Code": "224",
        "StationShort": "AMATA B.GRIMM POWER 4,5 LIMITED",
        "StationTH": "บริษัท อมตะ บี.กริม เพาเวอร์ 4,5 จำกัด",
        "StationEN": "AMATA B.GRIMM POWER 4,5 LIMITED",
        "IndustryZone": "อมตะซิตี้ ชลบุรี",
        "Zone": "สายปฏิบัติการ 2",
        "StationType": "CEMs",
        "TimeBase": null,
        "LastUpdate": "2026-08-16 11:00",
        "LastUpdate_TH": "16 ส.ค. 2569, 11:00",
        "LastUpdate_EN": "16 Aug,2026 11:00",
        "StationActive": "2018-08-04 17:00",
        "Status": "ONLINE",
        "Comment": null,
        "GroupCode": "15",
        "WD": null,
        "WS": null,
        "TEMP": null,
        "RH": null,
        "BP": null,
        "RAIN": null,
        "SRAD": null,
        "PM25": null,
        "PM10": null,
        "TSP": null,
        "SO2": null,
        "NO2": null,
        "NOx": null,
        "NO": null,
        "CO": null,
        "AQI": null,
        "H2S": null,
        "CH4": null,
        "NMHC": null,
        "THC": null
      }
    },
    {
      "type": "Feature",
      "geometry": {
        "type": "Point",
        "coordinates": [
          100.603344,
          14.253723
        ]
      },
      "properties": {
        "Code": "225",
        "StationShort": "Gulf BP",
        "StationTH": "บจก.กัลฟ์ บีพี",
        "StationEN": "Gulf BP",
        "IndustryZone": "บ้านหว้า",
        "Zone": "สายปฏิบัติการ 1",
        "StationType": "CEMs",
        "TimeBase": null,
        "LastUpdate": "2026-08-16 11:00",
        "LastUpdate_TH": "16 ส.ค. 2569, 11:00",
        "LastUpdate_EN": "16 Aug,2026 11:00",
        "StationActive": "2018-10-08 14:00",
        "Status": "ONLINE",
        "Comment": null,
        "GroupCode": "30",
        "WD": null,
        "WS": null,
        "TEMP": null,
        "RH": null,
        "BP": null,
        "RAIN": null,
        "SRAD": null,
        "PM25": null,
        "PM10": null,
        "TSP": null,
        "SO2": null,
        "NO2": null,
        "NOx": null,
        "NO": null,
        "CO": null,
        "AQI": null,
        "H2S": null,
        "CH4": null,
        "NMHC": null,
        "THC": null
      }
    },
    {
      "type": "Feature",
      "geometry": {
        "type": "Point",
        "coordinates": [
          100.7884501,
          13.7593718
        ]
      },
      "properties": {
        "Code": "226",
        "StationShort": "PPTC",
        "StationTH": "บจก.พีพีทีซี",
        "StationEN": "PPTC",
        "IndustryZone": "ลาดกระบัง",
        "Zone": "สายปฏิบัติการ 1",
        "StationType": "CEMs",
        "TimeBase": null,
        "LastUpdate": "2026-08-16 09:00",
        "LastUpdate_TH": "16 ส.ค. 2569, 09:00",
        "LastUpdate_EN": "16 Aug,2026 09:00",
        "StationActive": "2018-10-08 13:00",
        "Status": "ONLINE",
        "Comment": null,
        "GroupCode": "10",
        "WD": null,
        "WS": null,
        "TEMP": null,
        "RH": null,
        "BP": null,
        "RAIN": null,
        "SRAD": null,
        "PM25": null,
        "PM10": null,
        "TSP": null,
        "SO2": null,
        "NO2": null,
        "NOx": null,
        "NO": null,
        "CO": null,
        "AQI": null,
        "H2S": null,
        "CH4": null,
        "NMHC": null,
        "THC": null
      }
    },
    {
      "type": "Feature",
      "geometry": {
        "type": "Point",
        "coordinates": [
          100.99765,
          14.624856
        ]
      },
      "properties": {
        "Code": "227",
        "StationShort": "ETC",
        "StationTH": "บจก.เอิร์ธ เท็ค เอนไวรอนเมนท์",
        "StationEN": "EARTH TECH",
        "IndustryZone": "แก่งคอย",
        "Zone": "สายปฏิบัติการ 1",
        "StationType": "CEMs",
        "TimeBase": null,
        "LastUpdate": "2026-08-03 11:00",
        "LastUpdate_TH": "3 ส.ค. 2569, 11:00",
        "LastUpdate_EN": "03 Aug,2026 11:00",
        "StationActive": "2019-04-17 00:00",
        "Status": "OFFLINE (13 วัน)",
        "Comment": "อยู่ระหว่างตรวจสอบหาสาเหตุ  ไม่มีการอัปเดต ตั้งแต่วันที่ 3/8/2569",
        "GroupCode": "31",
        "WD": null,
        "WS": null,
        "TEMP": 73.9,
        "RH": null,
        "BP": null,
        "RAIN": null,
        "SRAD": null,
        "PM25": null,
        "PM10": null,
        "TSP": null,
        "SO2": 1.05,
        "NO2": null,
        "NOx": 0.95,
        "NO": null,
        "CO": 33.72,
        "AQI": null,
        "H2S": null,
        "CH4": null,
        "NMHC": null,
        "THC": null
      }
    },
    {
      "type": "Feature",
      "geometry": {
        "type": "Point",
        "coordinates": [
          101.106679,
          12.98221
        ]
      },
      "properties": {
        "Code": "228",
        "StationShort": "AMATA B.GRIMM POWER (RAYONG) 5 LIMITED",
        "StationTH": "บริษัท อมตะ บี.กริม เพาเวอร์ (ระยอง) 5 จำกัด",
        "StationEN": "AMATA B.GRIMM POWER (RAYONG) 5 LIMITED",
        "IndustryZone": "อมตะซิตี้ ระยอง",
        "Zone": "สายปฏิบัติการ 2",
        "StationType": "CEMs",
        "TimeBase": null,
        "LastUpdate": "2026-08-16 11:00",
        "LastUpdate_TH": "16 ส.ค. 2569, 11:00",
        "LastUpdate_EN": "16 Aug,2026 11:00",
        "StationActive": "2018-12-24 00:00",
        "Status": "ONLINE",
        "Comment": null,
        "GroupCode": "14",
        "WD": null,
        "WS": null,
        "TEMP": null,
        "RH": null,
        "BP": null,
        "RAIN": null,
        "SRAD": null,
        "PM25": null,
        "PM10": null,
        "TSP": null,
        "SO2": null,
        "NO2": null,
        "NOx": null,
        "NO": null,
        "CO": null,
        "AQI": null,
        "H2S": null,
        "CH4": null,
        "NMHC": null,
        "THC": null
      }
    },
    {
      "type": "Feature",
      "geometry": {
        "type": "Point",
        "coordinates": [
          101.0864296,
          13.0826685
        ]
      },
      "properties": {
        "Code": "229",
        "StationShort": "CCE",
        "StationTH": "บจก.ชลบุรี คลีนเอ็นเนอร์ยี",
        "StationEN": "CCE",
        "IndustryZone": "ดับบลิวเอชเอ ชลบุรี",
        "Zone": "สายปฏิบัติการ 2",
        "StationType": "CEMs",
        "TimeBase": null,
        "LastUpdate": "2026-08-16 11:00",
        "LastUpdate_TH": "16 ส.ค. 2569, 11:00",
        "LastUpdate_EN": "16 Aug,2026 11:00",
        "StationActive": "2019-09-17 17:00",
        "Status": "ONLINE",
        "Comment": "อยู่ระหว่างตรวจสอบหาสาเหตุ ไม่มีการอัปเดต ตั้งแต่วันที่ 14/8/2569",
        "GroupCode": "25",
        "WD": null,
        "WS": null,
        "TEMP": null,
        "RH": null,
        "BP": null,
        "RAIN": null,
        "SRAD": null,
        "PM25": null,
        "PM10": null,
        "TSP": null,
        "SO2": null,
        "NO2": null,
        "NOx": null,
        "NO": null,
        "CO": null,
        "AQI": null,
        "H2S": null,
        "CH4": null,
        "NMHC": null,
        "THC": null
      }
    },
    {
      "type": "Feature",
      "geometry": {
        "type": "Point",
        "coordinates": [
          101.098198,
          12.935165
        ]
      },
      "properties": {
        "Code": "230",
        "StationShort": "AMATA B.GRIMM POWER (RAYONG) 3 LIMITED",
        "StationTH": "บริษัท อมตะ บี.กริม เพาเวอร์ (ระยอง) 3 จำกัด",
        "StationEN": "AMATA B.GRIMM POWER (RAYONG) 3 LIMITED",
        "IndustryZone": "อมตะซิตี้ ระยอง",
        "Zone": "สายปฏิบัติการ 2",
        "StationType": "CEMs",
        "TimeBase": null,
        "LastUpdate": "2026-08-16 11:00",
        "LastUpdate_TH": "16 ส.ค. 2569, 11:00",
        "LastUpdate_EN": "16 Aug,2026 11:00",
        "StationActive": "2019-01-08 17:00",
        "Status": "ONLINE",
        "Comment": null,
        "GroupCode": "14",
        "WD": null,
        "WS": null,
        "TEMP": null,
        "RH": null,
        "BP": null,
        "RAIN": null,
        "SRAD": null,
        "PM25": null,
        "PM10": null,
        "TSP": null,
        "SO2": null,
        "NO2": null,
        "NOx": null,
        "NO": null,
        "CO": null,
        "AQI": null,
        "H2S": null,
        "CH4": null,
        "NMHC": null,
        "THC": null
      }
    },
    {
      "type": "Feature",
      "geometry": {
        "type": "Point",
        "coordinates": [
          101.12252,
          12.686962
        ]
      },
      "properties": {
        "Code": "100",
        "StationShort": "PTT-PE",
        "StationTH": "บจก.พีทีที โพลีเอทิลีน",
        "StationEN": "PTT-PE",
        "IndustryZone": "ผาแดง",
        "Zone": "สายปฏิบัติการ 3",
        "StationType": "CEMs",
        "TimeBase": null,
        "LastUpdate": "2026-08-14 16:00",
        "LastUpdate_TH": "14 ส.ค. 2569, 16:00",
        "LastUpdate_EN": "14 Aug,2026 16:00",
        "StationActive": "2011-12-19 16:00",
        "Status": "OFFLINE (2 วัน)",
        "Comment": null,
        "GroupCode": "7",
        "WD": null,
        "WS": null,
        "TEMP": null,
        "RH": null,
        "BP": null,
        "RAIN": null,
        "SRAD": null,
        "PM25": null,
        "PM10": null,
        "TSP": null,
        "SO2": null,
        "NO2": null,
        "NOx": null,
        "NO": null,
        "CO": null,
        "AQI": null,
        "H2S": null,
        "CH4": null,
        "NMHC": null,
        "THC": null
      }
    },
    {
      "type": "Feature",
      "geometry": {
        "type": "Point",
        "coordinates": [
          101.118436,
          12.968072
        ]
      },
      "properties": {
        "Code": "172",
        "StationShort": "AMATA B.GRIMM POWER (RAYONG) 1,2 LIMITED",
        "StationTH": "บริษัท อมตะ บี.กริม เพาเวอร์ (ระยอง) 1,2 จำกัด",
        "StationEN": "AMATA B.GRIMM POWER (RAYONG) 1,2 LIMITED",
        "IndustryZone": "อมตะซิตี้ ระยอง",
        "Zone": "สายปฏิบัติการ 2",
        "StationType": "CEMs",
        "TimeBase": null,
        "LastUpdate": "2026-08-16 11:00",
        "LastUpdate_TH": "16 ส.ค. 2569, 11:00",
        "LastUpdate_EN": "16 Aug,2026 11:00",
        "StationActive": "2015-02-24 00:00",
        "Status": "ONLINE",
        "Comment": null,
        "GroupCode": "14",
        "WD": null,
        "WS": null,
        "TEMP": null,
        "RH": null,
        "BP": null,
        "RAIN": null,
        "SRAD": null,
        "PM25": null,
        "PM10": null,
        "TSP": null,
        "SO2": null,
        "NO2": null,
        "NOx": null,
        "NO": null,
        "CO": null,
        "AQI": null,
        "H2S": null,
        "CH4": null,
        "NMHC": null,
        "THC": null
      }
    },
    {
      "type": "Feature",
      "geometry": {
        "type": "Point",
        "coordinates": [
          99.84687,
          13.65136
        ]
      },
      "properties": {
        "Code": "173",
        "StationShort": "RWC2",
        "StationTH": "บจก.ราชบุรีเวอลด์ โคเจนเนอเรชั่น",
        "StationEN": "RWC2",
        "IndustryZone": "ราชบุรี",
        "Zone": "สายปฏิบัติการ 1",
        "StationType": "CEMs",
        "TimeBase": null,
        "LastUpdate": "2026-08-16 11:00",
        "LastUpdate_TH": "16 ส.ค. 2569, 11:00",
        "LastUpdate_EN": "16 Aug,2026 11:00",
        "StationActive": "2018-05-16 16:00",
        "Status": "ONLINE",
        "Comment": null,
        "GroupCode": "21",
        "WD": null,
        "WS": null,
        "TEMP": null,
        "RH": null,
        "BP": null,
        "RAIN": null,
        "SRAD": null,
        "PM25": null,
        "PM10": null,
        "TSP": null,
        "SO2": null,
        "NO2": null,
        "NOx": null,
        "NO": null,
        "CO": null,
        "AQI": null,
        "H2S": null,
        "CH4": null,
        "NMHC": null,
        "THC": null
      }
    },
    {
      "type": "Feature",
      "geometry": {
        "type": "Point",
        "coordinates": [
          99.84644,
          13.65049
        ]
      },
      "properties": {
        "Code": "174",
        "StationShort": "RWC1",
        "StationTH": "บจก.ราชบุรีเวอลด์ โคเจนเนอเรชั่น",
        "StationEN": "RWC1",
        "IndustryZone": "ราชบุรี",
        "Zone": "สายปฏิบัติการ 1",
        "StationType": "CEMs",
        "TimeBase": null,
        "LastUpdate": "2026-08-16 11:00",
        "LastUpdate_TH": "16 ส.ค. 2569, 11:00",
        "LastUpdate_EN": "16 Aug,2026 11:00",
        "StationActive": "2017-07-01 01:00",
        "Status": "ONLINE",
        "Comment": null,
        "GroupCode": "21",
        "WD": null,
        "WS": null,
        "TEMP": null,
        "RH": null,
        "BP": null,
        "RAIN": null,
        "SRAD": null,
        "PM25": null,
        "PM10": null,
        "TSP": null,
        "SO2": null,
        "NO2": null,
        "NOx": null,
        "NO": null,
        "CO": null,
        "AQI": null,
        "H2S": null,
        "CH4": null,
        "NMHC": null,
        "THC": null
      }
    },
    {
      "type": "Feature",
      "geometry": {
        "type": "Point",
        "coordinates": [
          101.16693816725493,
          12.748808440892208
        ]
      },
      "properties": {
        "Code": "186",
        "StationShort": "MOC",
        "StationTH": "บจก.มาบตาพุดโอเลฟินส์",
        "StationEN": "MOC",
        "IndustryZone": "อาร์ ไอ แอล",
        "Zone": "สายปฏิบัติการ 3",
        "StationType": "CEMs",
        "TimeBase": null,
        "LastUpdate": "2026-03-26 10:00",
        "LastUpdate_TH": "26 มี.ค. 2569, 10:00",
        "LastUpdate_EN": "26 Mar,2026 10:00",
        "StationActive": "2023-03-01 11:00",
        "Status": "OFFLINE (143 วัน)",
        "Comment": "อยู่ระหว่าง Update IP Address ไม่มีการอัปเดต ตั้งแต่วันที่ 20/3/2569",
        "GroupCode": "12",
        "WD": null,
        "WS": null,
        "TEMP": null,
        "RH": null,
        "BP": null,
        "RAIN": null,
        "SRAD": null,
        "PM25": null,
        "PM10": null,
        "TSP": null,
        "SO2": null,
        "NO2": null,
        "NOx": null,
        "NO": null,
        "CO": null,
        "AQI": null,
        "H2S": null,
        "CH4": null,
        "NMHC": null,
        "THC": null
      }
    },
    {
      "type": "Feature",
      "geometry": {
        "type": "Point",
        "coordinates": [
          101.145233,
          12.694168
        ]
      },
      "properties": {
        "Code": "189",
        "StationShort": "Glow Ene",
        "StationTH": "บจก.โกลว์ พลังงาน",
        "StationEN": "GLOW Pharse2",
        "IndustryZone": "มาบตาพุด",
        "Zone": "สายปฏิบัติการ 3",
        "StationType": "CEMs",
        "TimeBase": null,
        "LastUpdate": "2026-04-21 16:00",
        "LastUpdate_TH": "21 เม.ย. 2569, 16:00",
        "LastUpdate_EN": "21 Apr,2026 16:00",
        "StationActive": "2017-04-05 13:00",
        "Status": "OFFLINE (117 วัน)",
        "Comment": "ข้อมูลทางฝั่ง emcc mtp ไม่อัปเดต  ไม่มีการอัปเดต ตั้งแต่วันที่ 8/5/2569",
        "GroupCode": "6",
        "WD": null,
        "WS": null,
        "TEMP": null,
        "RH": null,
        "BP": null,
        "RAIN": null,
        "SRAD": null,
        "PM25": null,
        "PM10": null,
        "TSP": null,
        "SO2": null,
        "NO2": null,
        "NOx": null,
        "NO": null,
        "CO": null,
        "AQI": null,
        "H2S": null,
        "CH4": null,
        "NMHC": null,
        "THC": null
      }
    },
    {
      "type": "Feature",
      "geometry": {
        "type": "Point",
        "coordinates": [
          101.140316,
          12.714813
        ]
      },
      "properties": {
        "Code": "190",
        "StationShort": "BEE 2",
        "StationTH": "บจก.เจเอสอาร์ บีเอสที อิลาสโตเมอร์ 2",
        "StationEN": "BEE 2",
        "IndustryZone": "มาบตาพุด",
        "Zone": "สายปฏิบัติการ 3",
        "StationType": "CEMs",
        "TimeBase": null,
        "LastUpdate": "2025-11-10 15:00",
        "LastUpdate_TH": "10 พ.ย. 2568, 15:00",
        "LastUpdate_EN": "10 Nov,2025 15:00",
        "StationActive": "2017-01-05 11:00",
        "Status": "OFFLINE (279 วัน)",
        "Comment": "ข้อมูลทางฝั่ง emcc mtp ไม่อัปเดต  ไม่มีการอัปเดต ตั้งแต่วันที่ 10/11/2568",
        "GroupCode": "6",
        "WD": null,
        "WS": null,
        "TEMP": null,
        "RH": null,
        "BP": null,
        "RAIN": null,
        "SRAD": null,
        "PM25": null,
        "PM10": null,
        "TSP": null,
        "SO2": null,
        "NO2": null,
        "NOx": null,
        "NO": null,
        "CO": null,
        "AQI": null,
        "H2S": null,
        "CH4": null,
        "NMHC": null,
        "THC": null
      }
    },
    {
      "type": "Feature",
      "geometry": {
        "type": "Point",
        "coordinates": [
          101.09169769957025,
          12.704896447139623
        ]
      },
      "properties": {
        "Code": "162",
        "StationShort": "MTP HPJV",
        "StationTH": "บจก.เอ็มทีพี เอชพี เจวี",
        "StationEN": "MTP HPJV",
        "IndustryZone": "เอเชีย",
        "Zone": "สายปฏิบัติการ 3",
        "StationType": "CEMs",
        "TimeBase": null,
        "LastUpdate": "2025-08-22 13:00",
        "LastUpdate_TH": "22 ส.ค. 2568, 13:00",
        "LastUpdate_EN": "22 Aug,2025 13:00",
        "StationActive": "2014-02-08 00:00",
        "Status": "OFFLINE (359 วัน)",
        "Comment": "ข้อมูลทางฝั่ง emcc mtp ไม่อัปเดต ไม่มีการอัปเดต ตั้งแต่วันที่ 22/8/2568",
        "GroupCode": "9",
        "WD": null,
        "WS": null,
        "TEMP": null,
        "RH": null,
        "BP": null,
        "RAIN": null,
        "SRAD": null,
        "PM25": null,
        "PM10": null,
        "TSP": null,
        "SO2": null,
        "NO2": null,
        "NOx": null,
        "NO": null,
        "CO": null,
        "AQI": null,
        "H2S": null,
        "CH4": null,
        "NMHC": null,
        "THC": null
      }
    },
    {
      "type": "Feature",
      "geometry": {
        "type": "Point",
        "coordinates": [
          101.140328,
          12.689105
        ]
      },
      "properties": {
        "Code": "163",
        "StationShort": "BEE 1",
        "StationTH": "บจก.เจเอสอาร์ บีเอสที อิลาสโตเมอร์",
        "StationEN": "BEE 1",
        "IndustryZone": "มาบตาพุด",
        "Zone": "สายปฏิบัติการ 3",
        "StationType": "CEMs",
        "TimeBase": null,
        "LastUpdate": "2025-11-10 15:00",
        "LastUpdate_TH": "10 พ.ย. 2568, 15:00",
        "LastUpdate_EN": "10 Nov,2025 15:00",
        "StationActive": "2015-04-28 00:00",
        "Status": "OFFLINE (279 วัน)",
        "Comment": "ข้อมูลทางฝั่ง emcc mtp ไม่อัปเดต ไม่มีการอัปเดต ตั้งแต่วันที่ 14/11/2568",
        "GroupCode": "6",
        "WD": null,
        "WS": null,
        "TEMP": null,
        "RH": null,
        "BP": null,
        "RAIN": null,
        "SRAD": null,
        "PM25": null,
        "PM10": null,
        "TSP": null,
        "SO2": null,
        "NO2": null,
        "NOx": null,
        "NO": null,
        "CO": null,
        "AQI": null,
        "H2S": null,
        "CH4": null,
        "NMHC": null,
        "THC": null
      }
    },
    {
      "type": "Feature",
      "geometry": {
        "type": "Point",
        "coordinates": [
          101.1342542069325,
          12.66975001635494
        ]
      },
      "properties": {
        "Code": "165",
        "StationShort": "SCG SEMENT (MEE)",
        "StationTH": "บจก. เอสซีจี ซิเมนต์",
        "StationEN": "SCG SEMENT (MEE)",
        "IndustryZone": "มาบตาพุด",
        "Zone": "สายปฏิบัติการ 3",
        "StationType": "CEMs",
        "TimeBase": null,
        "LastUpdate": "2026-02-16 20:00",
        "LastUpdate_TH": "16 ก.พ. 2569, 20:00",
        "LastUpdate_EN": "16 Feb,2026 20:00",
        "StationActive": "2021-12-24 16:00",
        "Status": "OFFLINE (181 วัน)",
        "Comment": "ข้อมูลทางฝั่ง emcc mtp ไม่อัปเดต  ไม่มีการอัปเดต ตั้งแต่วันที่ 16/2/2569",
        "GroupCode": "6",
        "WD": null,
        "WS": null,
        "TEMP": null,
        "RH": null,
        "BP": null,
        "RAIN": null,
        "SRAD": null,
        "PM25": null,
        "PM10": null,
        "TSP": 0.0,
        "SO2": null,
        "NO2": null,
        "NOx": null,
        "NO": null,
        "CO": null,
        "AQI": null,
        "H2S": null,
        "CH4": null,
        "NMHC": null,
        "THC": null
      }
    },
    {
      "type": "Feature",
      "geometry": {
        "type": "Point",
        "coordinates": [
          101.02755403491228,
          13.421529391833669
        ]
      },
      "properties": {
        "Code": "166",
        "StationShort": "AMATA B.GRIMM POWER 1 LIMITED",
        "StationTH": "บริษัท อมตะ บี.กริม เพาเวอร์ 1 จำกัด",
        "StationEN": "AMATA B.GRIMM POWER 1 LIMITED",
        "IndustryZone": "อมตะซิตี้ ชลบุรี",
        "Zone": "สายปฏิบัติการ 2",
        "StationType": "CEMs",
        "TimeBase": null,
        "LastUpdate": "2026-08-16 11:00",
        "LastUpdate_TH": "16 ส.ค. 2569, 11:00",
        "LastUpdate_EN": "16 Aug,2026 11:00",
        "StationActive": "2014-08-20 00:00",
        "Status": "ONLINE",
        "Comment": null,
        "GroupCode": "15",
        "WD": null,
        "WS": null,
        "TEMP": null,
        "RH": null,
        "BP": null,
        "RAIN": null,
        "SRAD": null,
        "PM25": null,
        "PM10": null,
        "TSP": null,
        "SO2": null,
        "NO2": null,
        "NOx": null,
        "NO": null,
        "CO": null,
        "AQI": null,
        "H2S": null,
        "CH4": null,
        "NMHC": null,
        "THC": null
      }
    },
    {
      "type": "Feature",
      "geometry": {
        "type": "Point",
        "coordinates": [
          101.140351,
          12.702934
        ]
      },
      "properties": {
        "Code": "111",
        "StationShort": "PTTGC I-1",
        "StationTH": "บมจ.พีทีที โกลบอล เคมิคอล",
        "StationEN": "PTTGC I-1",
        "IndustryZone": "มาบตาพุด",
        "Zone": "สายปฏิบัติการ 3",
        "StationType": "CEMs",
        "TimeBase": null,
        "LastUpdate": "2026-08-14 18:00",
        "LastUpdate_TH": "14 ส.ค. 2569, 18:00",
        "LastUpdate_EN": "14 Aug,2026 18:00",
        "StationActive": "2011-12-16 18:00",
        "Status": "OFFLINE (2 วัน)",
        "Comment": null,
        "GroupCode": "6",
        "WD": null,
        "WS": null,
        "TEMP": null,
        "RH": null,
        "BP": null,
        "RAIN": null,
        "SRAD": null,
        "PM25": null,
        "PM10": null,
        "TSP": null,
        "SO2": null,
        "NO2": null,
        "NOx": null,
        "NO": null,
        "CO": null,
        "AQI": null,
        "H2S": null,
        "CH4": null,
        "NMHC": null,
        "THC": null
      }
    },
    {
      "type": "Feature",
      "geometry": {
        "type": "Point",
        "coordinates": [
          101.12620329208936,
          12.702571986075535
        ]
      },
      "properties": {
        "Code": "117",
        "StationShort": "GPSC CUP",
        "StationTH": "บมจ.โกลบอล เพาเวอร์ ซินเนอร์ยี่",
        "StationEN": "GPSC_CUP3",
        "IndustryZone": "ดับบลิวเอชเอ ตะวันออก",
        "Zone": "สายปฏิบัติการ 3",
        "StationType": "CEMs",
        "TimeBase": null,
        "LastUpdate": "2026-08-16 11:00",
        "LastUpdate_TH": "16 ส.ค. 2569, 11:00",
        "LastUpdate_EN": "16 Aug,2026 11:00",
        "StationActive": "2017-04-05 11:00",
        "Status": "ONLINE",
        "Comment": "ข้อมูลทางฝั่ง emcc mtp ไม่อัปเดต ไม่มีการอัปเดต ตั้งแต่วันที่ 12/8/2569",
        "GroupCode": "8",
        "WD": null,
        "WS": null,
        "TEMP": null,
        "RH": null,
        "BP": null,
        "RAIN": null,
        "SRAD": null,
        "PM25": null,
        "PM10": null,
        "TSP": null,
        "SO2": null,
        "NO2": null,
        "NOx": null,
        "NO": null,
        "CO": null,
        "AQI": null,
        "H2S": null,
        "CH4": null,
        "NMHC": null,
        "THC": null
      }
    },
    {
      "type": "Feature",
      "geometry": {
        "type": "Point",
        "coordinates": [
          101.13581,
          12.676631
        ]
      },
      "properties": {
        "Code": "118",
        "StationShort": "GHECO-ON",
        "StationTH": "บจก.เก็คโค่-วัน",
        "StationEN": "GHECO-ONE (GLOW)",
        "IndustryZone": null,
        "Zone": "สายปฏิบัติการ 3",
        "StationType": "CEMs",
        "TimeBase": null,
        "LastUpdate": "2026-08-16 11:00",
        "LastUpdate_TH": "16 ส.ค. 2569, 11:00",
        "LastUpdate_EN": "16 Aug,2026 11:00",
        "StationActive": "2012-07-03 11:00",
        "Status": "ONLINE",
        "Comment": null,
        "GroupCode": "27",
        "WD": null,
        "WS": null,
        "TEMP": null,
        "RH": null,
        "BP": null,
        "RAIN": null,
        "SRAD": null,
        "PM25": null,
        "PM10": null,
        "TSP": 2.92,
        "SO2": null,
        "NO2": null,
        "NOx": null,
        "NO": null,
        "CO": null,
        "AQI": null,
        "H2S": null,
        "CH4": null,
        "NMHC": null,
        "THC": null
      }
    },
    {
      "type": "Feature",
      "geometry": {
        "type": "Point",
        "coordinates": [
          101.091239,
          12.698475
        ]
      },
      "properties": {
        "Code": "120",
        "StationShort": "DOW(AIE)",
        "StationTH": "บจก.ดาว เคมิคอล ประเทศไทย",
        "StationEN": "DOW(AIE)",
        "IndustryZone": "เอเชีย",
        "Zone": "สายปฏิบัติการ 3",
        "StationType": "CEMs",
        "TimeBase": null,
        "LastUpdate": "2026-08-16 10:00",
        "LastUpdate_TH": "16 ส.ค. 2569, 10:00",
        "LastUpdate_EN": "16 Aug,2026 10:00",
        "StationActive": "2012-05-06 05:00",
        "Status": "ONLINE",
        "Comment": null,
        "GroupCode": "9",
        "WD": null,
        "WS": null,
        "TEMP": null,
        "RH": null,
        "BP": null,
        "RAIN": null,
        "SRAD": null,
        "PM25": null,
        "PM10": null,
        "TSP": null,
        "SO2": null,
        "NO2": null,
        "NOx": null,
        "NO": null,
        "CO": null,
        "AQI": null,
        "H2S": null,
        "CH4": null,
        "NMHC": null,
        "THC": null
      }
    },
    {
      "type": "Feature",
      "geometry": {
        "type": "Point",
        "coordinates": [
          100.58745,
          14.19744
        ]
      },
      "properties": {
        "Code": "122",
        "StationShort": "BIC2_HRSG4",
        "StationTH": "โรงไฟฟ้าบางปะอิน 2",
        "StationEN": "BIC2_HRSG4",
        "IndustryZone": "บางปะอิน",
        "Zone": "สายปฏิบัติการ 1",
        "StationType": "CEMs",
        "TimeBase": null,
        "LastUpdate": "2026-08-16 08:00",
        "LastUpdate_TH": "16 ส.ค. 2569, 08:00",
        "LastUpdate_EN": "16 Aug,2026 08:00",
        "StationActive": "2012-03-01 01:00",
        "Status": "ONLINE",
        "Comment": null,
        "GroupCode": "13",
        "WD": null,
        "WS": null,
        "TEMP": null,
        "RH": null,
        "BP": null,
        "RAIN": null,
        "SRAD": null,
        "PM25": null,
        "PM10": null,
        "TSP": null,
        "SO2": null,
        "NO2": null,
        "NOx": null,
        "NO": null,
        "CO": null,
        "AQI": null,
        "H2S": null,
        "CH4": null,
        "NMHC": null,
        "THC": null
      }
    },
    {
      "type": "Feature",
      "geometry": {
        "type": "Point",
        "coordinates": [
          101.1724903,
          13.0040262
        ]
      },
      "properties": {
        "Code": "211",
        "StationShort": "Gulf VTP",
        "StationTH": "บจก.กัลฟ์ วีทีพี",
        "StationEN": "Gulf VTP",
        "IndustryZone": "อีสเทิร์นซีบอร์ด(ระยอง)",
        "Zone": "สายปฏิบัติการ 2",
        "StationType": "CEMs",
        "TimeBase": null,
        "LastUpdate": "2026-08-16 11:00",
        "LastUpdate_TH": "16 ส.ค. 2569, 11:00",
        "LastUpdate_EN": "16 Aug,2026 11:00",
        "StationActive": "2017-11-25 00:00",
        "Status": "ONLINE",
        "Comment": null,
        "GroupCode": "26",
        "WD": null,
        "WS": null,
        "TEMP": null,
        "RH": null,
        "BP": null,
        "RAIN": null,
        "SRAD": null,
        "PM25": null,
        "PM10": null,
        "TSP": null,
        "SO2": null,
        "NO2": null,
        "NOx": null,
        "NO": null,
        "CO": null,
        "AQI": null,
        "H2S": null,
        "CH4": null,
        "NMHC": null,
        "THC": null
      }
    },
    {
      "type": "Feature",
      "geometry": {
        "type": "Point",
        "coordinates": [
          100.58745,
          14.19744
        ]
      },
      "properties": {
        "Code": "152",
        "StationShort": "BIC1_HRS",
        "StationTH": "โรงไฟฟ้าบางปะอิน 1",
        "StationEN": "BIC1_HRSG1",
        "IndustryZone": "บางปะอิน",
        "Zone": "สายปฏิบัติการ 1",
        "StationType": "CEMs",
        "TimeBase": null,
        "LastUpdate": "2026-08-16 03:00",
        "LastUpdate_TH": "16 ส.ค. 2569, 03:00",
        "LastUpdate_EN": "16 Aug,2026 03:00",
        "StationActive": "2013-07-17 14:00",
        "Status": "ONLINE",
        "Comment": null,
        "GroupCode": "13",
        "WD": null,
        "WS": null,
        "TEMP": null,
        "RH": null,
        "BP": null,
        "RAIN": null,
        "SRAD": null,
        "PM25": null,
        "PM10": null,
        "TSP": null,
        "SO2": null,
        "NO2": null,
        "NOx": null,
        "NO": null,
        "CO": null,
        "AQI": null,
        "H2S": null,
        "CH4": null,
        "NMHC": null,
        "THC": null
      }
    },
    {
      "type": "Feature",
      "geometry": {
        "type": "Point",
        "coordinates": [
          100.58745,
          14.19744
        ]
      },
      "properties": {
        "Code": "153",
        "StationShort": "BIC1_HRS",
        "StationTH": "โรงไฟฟ้าบางปะอิน 1",
        "StationEN": "BIC1_HRSG2",
        "IndustryZone": "บางปะอิน",
        "Zone": "สายปฏิบัติการ 1",
        "StationType": "CEMs",
        "TimeBase": null,
        "LastUpdate": "2026-08-16 11:00",
        "LastUpdate_TH": "16 ส.ค. 2569, 11:00",
        "LastUpdate_EN": "16 Aug,2026 11:00",
        "StationActive": "2013-07-17 15:00",
        "Status": "ONLINE",
        "Comment": null,
        "GroupCode": "13",
        "WD": null,
        "WS": null,
        "TEMP": null,
        "RH": null,
        "BP": null,
        "RAIN": null,
        "SRAD": null,
        "PM25": null,
        "PM10": null,
        "TSP": null,
        "SO2": null,
        "NO2": null,
        "NOx": null,
        "NO": null,
        "CO": null,
        "AQI": null,
        "H2S": null,
        "CH4": null,
        "NMHC": null,
        "THC": null
      }
    },
    {
      "type": "Feature",
      "geometry": {
        "type": "Point",
        "coordinates": [
          100.908283,
          14.387109
        ]
      },
      "properties": {
        "Code": "154",
        "StationShort": "GULFKP1",
        "StationTH": "บจก.กัลฟ์ เจพี KP1",
        "StationEN": "GULFKP1",
        "IndustryZone": "หนองแค",
        "Zone": "สายปฏิบัติการ 1",
        "StationType": "CEMs",
        "TimeBase": null,
        "LastUpdate": "2026-08-16 11:00",
        "LastUpdate_TH": "16 ส.ค. 2569, 11:00",
        "LastUpdate_EN": "16 Aug,2026 11:00",
        "StationActive": "2013-07-17 15:00",
        "Status": "ONLINE",
        "Comment": null,
        "GroupCode": "22",
        "WD": null,
        "WS": null,
        "TEMP": null,
        "RH": null,
        "BP": null,
        "RAIN": null,
        "SRAD": null,
        "PM25": null,
        "PM10": null,
        "TSP": null,
        "SO2": null,
        "NO2": null,
        "NOx": null,
        "NO": null,
        "CO": null,
        "AQI": null,
        "H2S": null,
        "CH4": null,
        "NMHC": null,
        "THC": null
      }
    },
    {
      "type": "Feature",
      "geometry": {
        "type": "Point",
        "coordinates": [
          100.909399,
          14.384656
        ]
      },
      "properties": {
        "Code": "155",
        "StationShort": "GULFKP2",
        "StationTH": "บจก.กัลฟ์ เจพี KP2",
        "StationEN": "GULFKP2",
        "IndustryZone": "หนองแค",
        "Zone": "สายปฏิบัติการ 1",
        "StationType": "CEMs",
        "TimeBase": null,
        "LastUpdate": "2026-08-16 11:00",
        "LastUpdate_TH": "16 ส.ค. 2569, 11:00",
        "LastUpdate_EN": "16 Aug,2026 11:00",
        "StationActive": "2013-07-17 15:00",
        "Status": "ONLINE",
        "Comment": null,
        "GroupCode": "22",
        "WD": null,
        "WS": null,
        "TEMP": null,
        "RH": null,
        "BP": null,
        "RAIN": null,
        "SRAD": null,
        "PM25": null,
        "PM10": null,
        "TSP": null,
        "SO2": null,
        "NO2": null,
        "NOx": 0.0,
        "NO": null,
        "CO": null,
        "AQI": null,
        "H2S": null,
        "CH4": null,
        "NMHC": null,
        "THC": null
      }
    },
    {
      "type": "Feature",
      "geometry": {
        "type": "Point",
        "coordinates": [
          101.12620329208936,
          12.702571986075535
        ]
      },
      "properties": {
        "Code": "81",
        "StationShort": "GPSC_CUP",
        "StationTH": "บมจ.โกลบอล เพาเวอร์ ซินเนอร์ยี่",
        "StationEN": "GPSC_CUP1_P6",
        "IndustryZone": "ดับบลิวเอชเอ ตะวันออก",
        "Zone": "สายปฏิบัติการ 3",
        "StationType": "CEMs",
        "TimeBase": null,
        "LastUpdate": "2026-08-16 10:00",
        "LastUpdate_TH": "16 ส.ค. 2569, 10:00",
        "LastUpdate_EN": "16 Aug,2026 10:00",
        "StationActive": "2011-08-12 18:00",
        "Status": "ONLINE",
        "Comment": null,
        "GroupCode": "8",
        "WD": null,
        "WS": null,
        "TEMP": null,
        "RH": null,
        "BP": null,
        "RAIN": null,
        "SRAD": null,
        "PM25": null,
        "PM10": null,
        "TSP": null,
        "SO2": null,
        "NO2": null,
        "NOx": null,
        "NO": null,
        "CO": null,
        "AQI": null,
        "H2S": null,
        "CH4": null,
        "NMHC": null,
        "THC": null
      }
    },
    {
      "type": "Feature",
      "geometry": {
        "type": "Point",
        "coordinates": [
          101.12620329208936,
          12.702571986075535
        ]
      },
      "properties": {
        "Code": "60",
        "StationShort": "GPSC_CUP",
        "StationTH": "บมจ.โกลบอล เพาเวอร์ ซินเนอร์ยี่",
        "StationEN": "GPSC_CUP1",
        "IndustryZone": "ดับบลิวเอชเอ ตะวันออก",
        "Zone": "สายปฏิบัติการ 3",
        "StationType": "CEMs",
        "TimeBase": null,
        "LastUpdate": "2026-08-16 11:00",
        "LastUpdate_TH": "16 ส.ค. 2569, 11:00",
        "LastUpdate_EN": "16 Aug,2026 11:00",
        "StationActive": "2010-06-17 18:00",
        "Status": "ONLINE",
        "Comment": null,
        "GroupCode": "8",
        "WD": null,
        "WS": null,
        "TEMP": null,
        "RH": null,
        "BP": null,
        "RAIN": null,
        "SRAD": null,
        "PM25": null,
        "PM10": null,
        "TSP": null,
        "SO2": null,
        "NO2": null,
        "NOx": null,
        "NO": null,
        "CO": null,
        "AQI": null,
        "H2S": null,
        "CH4": null,
        "NMHC": null,
        "THC": null
      }
    },
    {
      "type": "Feature",
      "geometry": {
        "type": "Point",
        "coordinates": [
          101.0906789,
          13.0654223
        ]
      },
      "properties": {
        "Code": "61",
        "StationShort": "B.Grimm Power (WHA) 1",
        "StationTH": "บริษัท บี.กริม เพาเวอร์ (ดับบลิวเอชเอ) 1 จำกัด",
        "StationEN": "B.GRIMM POWER (WHA) 1 LIMITED",
        "IndustryZone": "ดับบลิวเอชเอ ชลบุรี",
        "Zone": "สายปฏิบัติการ 2",
        "StationType": "CEMs",
        "TimeBase": null,
        "LastUpdate": "2026-08-16 11:00",
        "LastUpdate_TH": "16 ส.ค. 2569, 11:00",
        "LastUpdate_EN": "16 Aug,2026 11:00",
        "StationActive": "2017-07-01 01:00",
        "Status": "ONLINE",
        "Comment": null,
        "GroupCode": "25",
        "WD": null,
        "WS": null,
        "TEMP": null,
        "RH": null,
        "BP": null,
        "RAIN": null,
        "SRAD": null,
        "PM25": null,
        "PM10": null,
        "TSP": null,
        "SO2": null,
        "NO2": null,
        "NOx": null,
        "NO": null,
        "CO": null,
        "AQI": null,
        "H2S": null,
        "CH4": null,
        "NMHC": null,
        "THC": null
      }
    },
    {
      "type": "Feature",
      "geometry": {
        "type": "Point",
        "coordinates": [
          101.134279,
          12.676621
        ]
      },
      "properties": {
        "Code": "62",
        "StationShort": "GLOW SPP",
        "StationTH": "บจก.โกลว์ พลังงาน",
        "StationEN": "GLOW SPP3",
        "IndustryZone": null,
        "Zone": "สายปฏิบัติการ 3",
        "StationType": "CEMs",
        "TimeBase": null,
        "LastUpdate": "2026-04-21 16:00",
        "LastUpdate_TH": "21 เม.ย. 2569, 16:00",
        "LastUpdate_EN": "21 Apr,2026 16:00",
        "StationActive": "2010-07-01 12:00",
        "Status": "OFFLINE (117 วัน)",
        "Comment": "อยู่ระหว่างตรวจสอบหาสาเหตุ (EMCC มาบตาพุด online) ไม่มีการอัปเดต ตั้งแต่วันที่ 21/4/2569",
        "GroupCode": "27",
        "WD": null,
        "WS": null,
        "TEMP": null,
        "RH": null,
        "BP": null,
        "RAIN": null,
        "SRAD": null,
        "PM25": null,
        "PM10": null,
        "TSP": null,
        "SO2": null,
        "NO2": null,
        "NOx": null,
        "NO": null,
        "CO": null,
        "AQI": null,
        "H2S": null,
        "CH4": null,
        "NMHC": null,
        "THC": null
      }
    },
    {
      "type": "Feature",
      "geometry": {
        "type": "Point",
        "coordinates": [
          101.127284,
          12.700631
        ]
      },
      "properties": {
        "Code": "63",
        "StationShort": "TOC_GC",
        "StationTH": "บจก.ทีโอซีไกลคอล",
        "StationEN": "TOC_GC",
        "IndustryZone": "ดับบลิวเอชเอ ตะวันออก",
        "Zone": "สายปฏิบัติการ 3",
        "StationType": "CEMs",
        "TimeBase": null,
        "LastUpdate": "2026-08-14 18:00",
        "LastUpdate_TH": "14 ส.ค. 2569, 18:00",
        "LastUpdate_EN": "14 Aug,2026 18:00",
        "StationActive": "2010-07-30 01:00",
        "Status": "OFFLINE (2 วัน)",
        "Comment": null,
        "GroupCode": "8",
        "WD": null,
        "WS": null,
        "TEMP": null,
        "RH": null,
        "BP": null,
        "RAIN": null,
        "SRAD": null,
        "PM25": null,
        "PM10": null,
        "TSP": null,
        "SO2": null,
        "NO2": null,
        "NOx": null,
        "NO": null,
        "CO": null,
        "AQI": null,
        "H2S": null,
        "CH4": null,
        "NMHC": null,
        "THC": null
      }
    },
    {
      "type": "Feature",
      "geometry": {
        "type": "Point",
        "coordinates": [
          100.5844922,
          14.2016038
        ]
      },
      "properties": {
        "Code": "71",
        "StationShort": "BIC2_HRSG3",
        "StationTH": "โรงไฟฟ้าบางปะอิน 2",
        "StationEN": "BIC2_HRSG3",
        "IndustryZone": "บางปะอิน",
        "Zone": "สายปฏิบัติการ 1",
        "StationType": "CEMs",
        "TimeBase": null,
        "LastUpdate": "2026-08-16 08:00",
        "LastUpdate_TH": "16 ส.ค. 2569, 08:00",
        "LastUpdate_EN": "16 Aug,2026 08:00",
        "StationActive": "2011-01-31 00:00",
        "Status": "ONLINE",
        "Comment": null,
        "GroupCode": "13",
        "WD": null,
        "WS": null,
        "TEMP": null,
        "RH": null,
        "BP": null,
        "RAIN": null,
        "SRAD": null,
        "PM25": null,
        "PM10": null,
        "TSP": null,
        "SO2": null,
        "NO2": null,
        "NOx": null,
        "NO": null,
        "CO": null,
        "AQI": null,
        "H2S": null,
        "CH4": null,
        "NMHC": null,
        "THC": null
      }
    },
    {
      "type": "Feature",
      "geometry": {
        "type": "Point",
        "coordinates": [
          101.155994,
          12.678777
        ]
      },
      "properties": {
        "Code": "74",
        "StationShort": "PTTGC GC4,GC5,GC6",
        "StationTH": "บมจ.พีทีที โกลบอล เคมิคอล",
        "StationEN": "PTTGC GC4,GC5,GC6",
        "IndustryZone": "มาบตาพุด",
        "Zone": "สายปฏิบัติการ 3",
        "StationType": "CEMs",
        "TimeBase": null,
        "LastUpdate": "2026-08-14 16:00",
        "LastUpdate_TH": "14 ส.ค. 2569, 16:00",
        "LastUpdate_EN": "14 Aug,2026 16:00",
        "StationActive": "2010-12-15 21:00",
        "Status": "OFFLINE (2 วัน)",
        "Comment": null,
        "GroupCode": "6",
        "WD": null,
        "WS": null,
        "TEMP": null,
        "RH": null,
        "BP": null,
        "RAIN": null,
        "SRAD": null,
        "PM25": null,
        "PM10": null,
        "TSP": null,
        "SO2": null,
        "NO2": null,
        "NOx": null,
        "NO": null,
        "CO": null,
        "AQI": null,
        "H2S": null,
        "CH4": null,
        "NMHC": null,
        "THC": null
      }
    },
    {
      "type": "Feature",
      "geometry": {
        "type": "Point",
        "coordinates": [
          101.097178,
          12.706953
        ]
      },
      "properties": {
        "Code": "48",
        "StationShort": "ASM",
        "StationTH": "บจก.เอเซียซิลิโคนส์ โมโนเมอร์",
        "StationEN": "ASM",
        "IndustryZone": "เอเชีย",
        "Zone": "สายปฏิบัติการ 3",
        "StationType": "CEMs",
        "TimeBase": null,
        "LastUpdate": "2025-03-20 10:13",
        "LastUpdate_TH": "20 มี.ค. 2568, 10:13",
        "LastUpdate_EN": "20 Mar,2025 10:13",
        "StationActive": "2009-06-04 18:00",
        "Status": "OFFLINE (514 วัน)",
        "Comment": "ข้อมูลทางฝั่ง emcc mtp ไม่อัปเดต ไม่มีการอัปเดต ตั้งแต่วันที่ 20/3/2568",
        "GroupCode": "9",
        "WD": null,
        "WS": null,
        "TEMP": null,
        "RH": null,
        "BP": null,
        "RAIN": null,
        "SRAD": null,
        "PM25": null,
        "PM10": null,
        "TSP": null,
        "SO2": null,
        "NO2": null,
        "NOx": null,
        "NO": null,
        "CO": null,
        "AQI": null,
        "H2S": null,
        "CH4": null,
        "NMHC": null,
        "THC": null
      }
    },
    {
      "type": "Feature",
      "geometry": {
        "type": "Point",
        "coordinates": [
          101.152872,
          12.695623
        ]
      },
      "properties": {
        "Code": "49",
        "StationShort": "SCG DOW",
        "StationTH": "บจก.ดาวเคมิคอลประเทศไทย",
        "StationEN": "SCG DOW",
        "IndustryZone": "มาบตาพุด",
        "Zone": "สายปฏิบัติการ 3",
        "StationType": "CEMs",
        "TimeBase": null,
        "LastUpdate": "2026-08-16 11:00",
        "LastUpdate_TH": "16 ส.ค. 2569, 11:00",
        "LastUpdate_EN": "16 Aug,2026 11:00",
        "StationActive": "2009-03-25 14:00",
        "Status": "ONLINE",
        "Comment": null,
        "GroupCode": "6",
        "WD": null,
        "WS": null,
        "TEMP": null,
        "RH": null,
        "BP": null,
        "RAIN": null,
        "SRAD": null,
        "PM25": null,
        "PM10": null,
        "TSP": null,
        "SO2": null,
        "NO2": null,
        "NOx": null,
        "NO": null,
        "CO": null,
        "AQI": null,
        "H2S": null,
        "CH4": null,
        "NMHC": null,
        "THC": null
      }
    },
    {
      "type": "Feature",
      "geometry": {
        "type": "Point",
        "coordinates": [
          101.15829,
          12.680787
        ]
      },
      "properties": {
        "Code": "50",
        "StationShort": "Thai Shi",
        "StationTH": "บจก.ไทยชินกงอินดัสตรี คอร์ปอเรชั่น",
        "StationEN": "Thai Shinkong",
        "IndustryZone": "มาบตาพุด",
        "Zone": "สายปฏิบัติการ 3",
        "StationType": "CEMs",
        "TimeBase": "LCPD-2-NOX",
        "LastUpdate": "2025-11-29 11:00",
        "LastUpdate_TH": "29 พ.ย. 2568, 11:00",
        "LastUpdate_EN": "29 Nov,2025 11:00",
        "StationActive": "2009-08-04 10:00",
        "Status": "OFFLINE (260 วัน)",
        "Comment": "ข้อมูลทางฝั่ง emcc mtp ไม่อัปเดต ไม่มีการอัปเดต ตั้งแต่วันที่ 29/11/2568",
        "GroupCode": "6",
        "WD": null,
        "WS": null,
        "TEMP": null,
        "RH": null,
        "BP": null,
        "RAIN": null,
        "SRAD": null,
        "PM25": null,
        "PM10": null,
        "TSP": null,
        "SO2": null,
        "NO2": null,
        "NOx": null,
        "NO": null,
        "CO": null,
        "AQI": null,
        "H2S": null,
        "CH4": null,
        "NMHC": null,
        "THC": null
      }
    },
    {
      "type": "Feature",
      "geometry": {
        "type": "Point",
        "coordinates": [
          101.163579,
          12.753672
        ]
      },
      "properties": {
        "Code": "52",
        "StationShort": "GPSC2(AG",
        "StationTH": "บมจ.โกลบอล เพาเวอร์ ซินเนอร์ยี่",
        "StationEN": "GPSC2(AGB)",
        "IndustryZone": null,
        "Zone": "นอกเขตนิคมฯ",
        "StationType": "CEMs",
        "TimeBase": null,
        "LastUpdate": "2026-08-16 11:00",
        "LastUpdate_TH": "16 ส.ค. 2569, 11:00",
        "LastUpdate_EN": "16 Aug,2026 11:00",
        "StationActive": "2009-06-29 19:00",
        "Status": "ONLINE",
        "Comment": null,
        "GroupCode": "29",
        "WD": null,
        "WS": null,
        "TEMP": null,
        "RH": null,
        "BP": null,
        "RAIN": null,
        "SRAD": null,
        "PM25": null,
        "PM10": null,
        "TSP": null,
        "SO2": null,
        "NO2": null,
        "NOx": null,
        "NO": null,
        "CO": null,
        "AQI": null,
        "H2S": null,
        "CH4": null,
        "NMHC": null,
        "THC": null
      }
    },
    {
      "type": "Feature",
      "geometry": {
        "type": "Point",
        "coordinates": [
          101.163579,
          12.753672
        ]
      },
      "properties": {
        "Code": "53",
        "StationShort": "GPSC2(HR",
        "StationTH": "บมจ.โกลบอล เพาเวอร์ ซินเนอร์ยี่",
        "StationEN": "GPSC2(HRSG2)",
        "IndustryZone": null,
        "Zone": "นอกเขตนิคมฯ",
        "StationType": "CEMs",
        "TimeBase": null,
        "LastUpdate": "2026-04-21 06:00",
        "LastUpdate_TH": "21 เม.ย. 2569, 06:00",
        "LastUpdate_EN": "21 Apr,2026 06:00",
        "StationActive": "2009-06-29 19:00",
        "Status": "OFFLINE (117 วัน)",
        "Comment": "อยู่ระหว่างตรวจสอบหาสาเหตุ (EMCC มาบตาพุด online) ไม่มีการอัปเดต ตั้งแต่วันที่ 21/4/2569",
        "GroupCode": "29",
        "WD": null,
        "WS": null,
        "TEMP": null,
        "RH": null,
        "BP": null,
        "RAIN": null,
        "SRAD": null,
        "PM25": null,
        "PM10": null,
        "TSP": null,
        "SO2": null,
        "NO2": null,
        "NOx": null,
        "NO": null,
        "CO": null,
        "AQI": null,
        "H2S": null,
        "CH4": null,
        "NMHC": null,
        "THC": null
      }
    },
    {
      "type": "Feature",
      "geometry": {
        "type": "Point",
        "coordinates": [
          101.163579,
          12.753672
        ]
      },
      "properties": {
        "Code": "54",
        "StationShort": "GPSC2(HR",
        "StationTH": "บมจ.โกลบอล เพาเวอร์ ซินเนอร์ยี่",
        "StationEN": "GPSC2(HRSG1)",
        "IndustryZone": null,
        "Zone": "นอกเขตนิคมฯ",
        "StationType": "CEMs",
        "TimeBase": null,
        "LastUpdate": "2026-08-16 11:00",
        "LastUpdate_TH": "16 ส.ค. 2569, 11:00",
        "LastUpdate_EN": "16 Aug,2026 11:00",
        "StationActive": "2009-06-29 19:00",
        "Status": "ONLINE",
        "Comment": null,
        "GroupCode": "29",
        "WD": null,
        "WS": null,
        "TEMP": null,
        "RH": null,
        "BP": null,
        "RAIN": null,
        "SRAD": null,
        "PM25": null,
        "PM10": null,
        "TSP": null,
        "SO2": null,
        "NO2": null,
        "NOx": null,
        "NO": null,
        "CO": null,
        "AQI": null,
        "H2S": null,
        "CH4": null,
        "NMHC": null,
        "THC": null
      }
    },
    {
      "type": "Feature",
      "geometry": {
        "type": "Point",
        "coordinates": [
          101.140695,
          12.696529
        ]
      },
      "properties": {
        "Code": "55",
        "StationShort": "THAI PLASTIC",
        "StationTH": "บจก.ไทยพลาสติกและเคมีภัณฑ์",
        "StationEN": "THAI PLASTIC",
        "IndustryZone": "มาบตาพุด",
        "Zone": "สายปฏิบัติการ 3",
        "StationType": "CEMs",
        "TimeBase": null,
        "LastUpdate": "2026-08-16 11:00",
        "LastUpdate_TH": "16 ส.ค. 2569, 11:00",
        "LastUpdate_EN": "16 Aug,2026 11:00",
        "StationActive": "2009-07-27 14:00",
        "Status": "ONLINE",
        "Comment": null,
        "GroupCode": "6",
        "WD": null,
        "WS": null,
        "TEMP": null,
        "RH": null,
        "BP": null,
        "RAIN": null,
        "SRAD": null,
        "PM25": null,
        "PM10": null,
        "TSP": null,
        "SO2": null,
        "NO2": null,
        "NOx": null,
        "NO": null,
        "CO": null,
        "AQI": null,
        "H2S": null,
        "CH4": null,
        "NMHC": null,
        "THC": null
      }
    },
    {
      "type": "Feature",
      "geometry": {
        "type": "Point",
        "coordinates": [
          101.125953,
          12.697052
        ]
      },
      "properties": {
        "Code": "56",
        "StationShort": "HMC PDH",
        "StationTH": "บจก.เอ็ชเอ็มซีโปลีเมอร์",
        "StationEN": "HMC PDH",
        "IndustryZone": "ดับบลิวเอชเอ ตะวันออก",
        "Zone": "สายปฏิบัติการ 3",
        "StationType": "CEMs",
        "TimeBase": null,
        "LastUpdate": "2025-07-11 14:00",
        "LastUpdate_TH": "11 ก.ค. 2568, 14:00",
        "LastUpdate_EN": "11 Jul,2025 14:00",
        "StationActive": "2009-11-01 00:00",
        "Status": "OFFLINE (401 วัน)",
        "Comment": "ข้อมูลทางฝั่ง emcc mtp ไม่อัปเดต  ไม่มีการอัปเดต ตั้งแต่วันที่ 11/7/2568",
        "GroupCode": "8",
        "WD": null,
        "WS": null,
        "TEMP": null,
        "RH": null,
        "BP": null,
        "RAIN": null,
        "SRAD": null,
        "PM25": null,
        "PM10": null,
        "TSP": null,
        "SO2": null,
        "NO2": null,
        "NOx": null,
        "NO": null,
        "CO": null,
        "AQI": null,
        "H2S": null,
        "CH4": null,
        "NMHC": null,
        "THC": null
      }
    },
    {
      "type": "Feature",
      "geometry": {
        "type": "Point",
        "coordinates": [
          101.148913,
          12.675323
        ]
      },
      "properties": {
        "Code": "42",
        "StationShort": "SYS490",
        "StationTH": "บจก.เหล็กสยามยามาโตะ",
        "StationEN": "SYS490",
        "IndustryZone": "มาบตาพุด",
        "Zone": "สายปฏิบัติการ 3",
        "StationType": "CEMs",
        "TimeBase": null,
        "LastUpdate": "2026-08-10 16:00",
        "LastUpdate_TH": "10 ส.ค. 2569, 16:00",
        "LastUpdate_EN": "10 Aug,2026 16:00",
        "StationActive": "2009-06-04 12:00",
        "Status": "OFFLINE (6 วัน)",
        "Comment": "ข้อมูลทางฝั่ง emcc mtp ไม่อัปเดต ไม่มีการอัปเดต ตั้งแต่วันที่ 10/8/2569",
        "GroupCode": "6",
        "WD": null,
        "WS": null,
        "TEMP": null,
        "RH": null,
        "BP": null,
        "RAIN": null,
        "SRAD": null,
        "PM25": null,
        "PM10": null,
        "TSP": 0.97,
        "SO2": null,
        "NO2": null,
        "NOx": null,
        "NO": null,
        "CO": null,
        "AQI": null,
        "H2S": null,
        "CH4": null,
        "NMHC": null,
        "THC": null
      }
    },
    {
      "type": "Feature",
      "geometry": {
        "type": "Point",
        "coordinates": [
          101.09489468828347,
          12.707465162096154
        ]
      },
      "properties": {
        "Code": "44",
        "StationShort": "INDORAMA",
        "StationTH": "บจก.อินโดรามาปิโตรเคมี",
        "StationEN": "INDORAMA",
        "IndustryZone": "เอเชีย",
        "Zone": "สายปฏิบัติการ 3",
        "StationType": "CEMs",
        "TimeBase": null,
        "LastUpdate": "2026-07-20 19:00",
        "LastUpdate_TH": "20 ก.ค. 2569, 19:00",
        "LastUpdate_EN": "20 Jul,2026 19:00",
        "StationActive": "2009-03-01 00:00",
        "Status": "OFFLINE (27 วัน)",
        "Comment": "อยู่ระหว่างตรวจสอบหาสาเหตุ ไม่มีการอัปเดต ตั้งแต่วันที่ 22/7/2569",
        "GroupCode": "9",
        "WD": null,
        "WS": null,
        "TEMP": null,
        "RH": null,
        "BP": null,
        "RAIN": null,
        "SRAD": null,
        "PM25": null,
        "PM10": null,
        "TSP": null,
        "SO2": null,
        "NO2": null,
        "NOx": null,
        "NO": null,
        "CO": null,
        "AQI": null,
        "H2S": null,
        "CH4": null,
        "NMHC": null,
        "THC": null
      }
    },
    {
      "type": "Feature",
      "geometry": {
        "type": "Point",
        "coordinates": [
          101.160436,
          12.644107
        ]
      },
      "properties": {
        "Code": "34",
        "StationShort": "BLCP",
        "StationTH": "บจก.บีแอลซีพีเพาเวอร์",
        "StationEN": "BLCP",
        "IndustryZone": null,
        "Zone": "สายปฏิบัติการ 3",
        "StationType": "CEMs",
        "TimeBase": null,
        "LastUpdate": "2026-08-16 10:00",
        "LastUpdate_TH": "16 ส.ค. 2569, 10:00",
        "LastUpdate_EN": "16 Aug,2026 10:00",
        "StationActive": "2009-06-04 09:00",
        "Status": "ONLINE",
        "Comment": null,
        "GroupCode": "27",
        "WD": null,
        "WS": null,
        "TEMP": null,
        "RH": null,
        "BP": null,
        "RAIN": null,
        "SRAD": null,
        "PM25": null,
        "PM10": null,
        "TSP": null,
        "SO2": null,
        "NO2": null,
        "NOx": null,
        "NO": null,
        "CO": null,
        "AQI": null,
        "H2S": null,
        "CH4": null,
        "NMHC": null,
        "THC": null
      }
    },
    {
      "type": "Feature",
      "geometry": {
        "type": "Point",
        "coordinates": [
          101.13019150489563,
          12.695382631401356
        ]
      },
      "properties": {
        "Code": "35",
        "StationShort": "AGC VNT 2",
        "StationTH": "บจก.ไทยอาซาฮีเคมีภัณฑ์",
        "StationEN": "AGC VNT 2",
        "IndustryZone": "ดับบลิวเอชเอ ตะวันออก",
        "Zone": "สายปฏิบัติการ 3",
        "StationType": "CEMs",
        "TimeBase": null,
        "LastUpdate": "2026-08-16 09:00",
        "LastUpdate_TH": "16 ส.ค. 2569, 09:00",
        "LastUpdate_EN": "16 Aug,2026 09:00",
        "StationActive": "2009-06-04 18:00",
        "Status": "ONLINE",
        "Comment": null,
        "GroupCode": "8",
        "WD": null,
        "WS": null,
        "TEMP": null,
        "RH": null,
        "BP": null,
        "RAIN": null,
        "SRAD": null,
        "PM25": null,
        "PM10": null,
        "TSP": null,
        "SO2": null,
        "NO2": null,
        "NOx": null,
        "NO": null,
        "CO": null,
        "AQI": null,
        "H2S": null,
        "CH4": null,
        "NMHC": null,
        "THC": null
      }
    },
    {
      "type": "Feature",
      "geometry": {
        "type": "Point",
        "coordinates": [
          101.148977,
          12.678253
        ]
      },
      "properties": {
        "Code": "37",
        "StationShort": "TATA",
        "StationTH": "บจก.เหล็กก่อสร้างสยาม",
        "StationEN": "TATA",
        "IndustryZone": "มาบตาพุด",
        "Zone": "สายปฏิบัติการ 3",
        "StationType": "CEMs",
        "TimeBase": null,
        "LastUpdate": "2026-08-16 11:00",
        "LastUpdate_TH": "16 ส.ค. 2569, 11:00",
        "LastUpdate_EN": "16 Aug,2026 11:00",
        "StationActive": "2009-06-04 18:00",
        "Status": "ONLINE",
        "Comment": null,
        "GroupCode": "6",
        "WD": null,
        "WS": null,
        "TEMP": null,
        "RH": null,
        "BP": null,
        "RAIN": null,
        "SRAD": null,
        "PM25": null,
        "PM10": null,
        "TSP": null,
        "SO2": 3.02,
        "NO2": null,
        "NOx": 66.43,
        "NO": null,
        "CO": 0.0,
        "AQI": null,
        "H2S": null,
        "CH4": null,
        "NMHC": null,
        "THC": null
      }
    },
    {
      "type": "Feature",
      "geometry": {
        "type": "Point",
        "coordinates": [
          101.132112,
          12.688427
        ]
      },
      "properties": {
        "Code": "17",
        "StationShort": "TPAC",
        "StationTH": "บจก.ไทยโพลีอะซีทัล",
        "StationEN": "TPAC",
        "IndustryZone": "ผาแดง",
        "Zone": "สายปฏิบัติการ 3",
        "StationType": "CEMs",
        "TimeBase": null,
        "LastUpdate": "2026-08-16 11:00",
        "LastUpdate_TH": "16 ส.ค. 2569, 11:00",
        "LastUpdate_EN": "16 Aug,2026 11:00",
        "StationActive": "2008-06-03 10:00",
        "Status": "ONLINE",
        "Comment": null,
        "GroupCode": "7",
        "WD": null,
        "WS": null,
        "TEMP": null,
        "RH": null,
        "BP": null,
        "RAIN": null,
        "SRAD": null,
        "PM25": null,
        "PM10": null,
        "TSP": null,
        "SO2": null,
        "NO2": null,
        "NOx": null,
        "NO": null,
        "CO": null,
        "AQI": null,
        "H2S": null,
        "CH4": null,
        "NMHC": null,
        "THC": null
      }
    },
    {
      "type": "Feature",
      "geometry": {
        "type": "Point",
        "coordinates": [
          101.149557,
          12.715535
        ]
      },
      "properties": {
        "Code": "18",
        "StationShort": "TMMA",
        "StationTH": "บจก.ไทยเอ็มเอ็มเอ",
        "StationEN": "TMMA",
        "IndustryZone": "มาบตาพุด",
        "Zone": "สายปฏิบัติการ 3",
        "StationType": "CEMs",
        "TimeBase": null,
        "LastUpdate": "2026-08-16 10:00",
        "LastUpdate_TH": "16 ส.ค. 2569, 10:00",
        "LastUpdate_EN": "16 Aug,2026 10:00",
        "StationActive": "2008-06-03 11:00",
        "Status": "ONLINE",
        "Comment": null,
        "GroupCode": "6",
        "WD": null,
        "WS": null,
        "TEMP": null,
        "RH": null,
        "BP": null,
        "RAIN": null,
        "SRAD": null,
        "PM25": null,
        "PM10": null,
        "TSP": null,
        "SO2": null,
        "NO2": null,
        "NOx": null,
        "NO": null,
        "CO": null,
        "AQI": null,
        "H2S": null,
        "CH4": null,
        "NMHC": null,
        "THC": null
      }
    },
    {
      "type": "Feature",
      "geometry": {
        "type": "Point",
        "coordinates": [
          101.14769,
          12.695901
        ]
      },
      "properties": {
        "Code": "23",
        "StationShort": "PTTGC I1,I4 TOCGC",
        "StationTH": "บมจ.พีทีที โกลบอล เคมิคอล",
        "StationEN": "PTTGC I1,I4 TOCGC",
        "IndustryZone": "มาบตาพุด",
        "Zone": "สายปฏิบัติการ 3",
        "StationType": "CEMs",
        "TimeBase": null,
        "LastUpdate": "2026-08-14 18:00",
        "LastUpdate_TH": "14 ส.ค. 2569, 18:00",
        "LastUpdate_EN": "14 Aug,2026 18:00",
        "StationActive": "2008-07-01 00:00",
        "Status": "OFFLINE (2 วัน)",
        "Comment": null,
        "GroupCode": "6",
        "WD": null,
        "WS": null,
        "TEMP": null,
        "RH": null,
        "BP": null,
        "RAIN": null,
        "SRAD": null,
        "PM25": null,
        "PM10": null,
        "TSP": null,
        "SO2": null,
        "NO2": null,
        "NOx": null,
        "NO": null,
        "CO": null,
        "AQI": null,
        "H2S": null,
        "CH4": null,
        "NMHC": null,
        "THC": null
      }
    },
    {
      "type": "Feature",
      "geometry": {
        "type": "Point",
        "coordinates": [
          101.112542,
          12.702955
        ]
      },
      "properties": {
        "Code": "24",
        "StationShort": "Thai PET",
        "StationTH": "บจก.ไทยเพ็ทเรซิน",
        "StationEN": "Thai PET Resin",
        "IndustryZone": "ดับบลิวเอชเอ ตะวันออก",
        "Zone": "สายปฏิบัติการ 3",
        "StationType": "CEMs",
        "TimeBase": null,
        "LastUpdate": "2025-10-25 07:00",
        "LastUpdate_TH": "25 ต.ค. 2568, 07:00",
        "LastUpdate_EN": "25 Oct,2025 07:00",
        "StationActive": "2008-06-13 14:00",
        "Status": "OFFLINE (295 วัน)",
        "Comment": "ข้อมูลทางฝั่ง emcc mtp ไม่อัปเดต ไม่มีการอัปเดต ตั้งแต่วันที่ 25/10/2568",
        "GroupCode": "8",
        "WD": null,
        "WS": null,
        "TEMP": null,
        "RH": null,
        "BP": null,
        "RAIN": null,
        "SRAD": null,
        "PM25": null,
        "PM10": null,
        "TSP": null,
        "SO2": null,
        "NO2": null,
        "NOx": null,
        "NO": null,
        "CO": null,
        "AQI": null,
        "H2S": null,
        "CH4": null,
        "NMHC": null,
        "THC": null
      }
    },
    {
      "type": "Feature",
      "geometry": {
        "type": "Point",
        "coordinates": [
          101.158547,
          12.701846
        ]
      },
      "properties": {
        "Code": "26",
        "StationShort": "SPRC",
        "StationTH": "บจก.สตาร์ปิโตรเลียมรีไฟน์นิ่ง",
        "StationEN": "SPRC",
        "IndustryZone": "มาบตาพุด",
        "Zone": "สายปฏิบัติการ 3",
        "StationType": "CEMs",
        "TimeBase": null,
        "LastUpdate": "2026-08-16 11:00",
        "LastUpdate_TH": "16 ส.ค. 2569, 11:00",
        "LastUpdate_EN": "16 Aug,2026 11:00",
        "StationActive": "2008-06-11 13:00",
        "Status": "ONLINE",
        "Comment": null,
        "GroupCode": "6",
        "WD": null,
        "WS": null,
        "TEMP": null,
        "RH": null,
        "BP": null,
        "RAIN": null,
        "SRAD": null,
        "PM25": null,
        "PM10": null,
        "TSP": null,
        "SO2": null,
        "NO2": null,
        "NOx": null,
        "NO": null,
        "CO": null,
        "AQI": null,
        "H2S": null,
        "CH4": null,
        "NMHC": null,
        "THC": null
      }
    },
    {
      "type": "Feature",
      "geometry": {
        "type": "Point",
        "coordinates": [
          101.15181,
          12.715996
        ]
      },
      "properties": {
        "Code": "4",
        "StationShort": "ROC",
        "StationTH": "บจก.ระยอง โอเลฟินส์",
        "StationEN": "ROC",
        "IndustryZone": "มาบตาพุด",
        "Zone": "สายปฏิบัติการ 3",
        "StationType": "CEMs",
        "TimeBase": null,
        "LastUpdate": "2026-08-16 10:00",
        "LastUpdate_TH": "16 ส.ค. 2569, 10:00",
        "LastUpdate_EN": "16 Aug,2026 10:00",
        "StationActive": "2007-08-29 17:00",
        "Status": "ONLINE",
        "Comment": null,
        "GroupCode": "6",
        "WD": null,
        "WS": null,
        "TEMP": null,
        "RH": null,
        "BP": null,
        "RAIN": null,
        "SRAD": null,
        "PM25": null,
        "PM10": null,
        "TSP": null,
        "SO2": null,
        "NO2": null,
        "NOx": null,
        "NO": null,
        "CO": null,
        "AQI": null,
        "H2S": null,
        "CH4": null,
        "NMHC": null,
        "THC": null
      }
    },
    {
      "type": "Feature",
      "geometry": {
        "type": "Point",
        "coordinates": [
          101.08629610026374,
          12.702056666846659
        ]
      },
      "properties": {
        "Code": "5",
        "StationShort": "B.Grimm Power (AIE-MTP  R1)",
        "StationTH": "บจก.บี.กริม เพาเวอร์ (เอไออี-เอ็มทีพี)",
        "StationEN": "B.Grimm Power (AIE-MTP R1)",
        "IndustryZone": "เอเชีย",
        "Zone": "สายปฏิบัติการ 3",
        "StationType": "CEMs",
        "TimeBase": null,
        "LastUpdate": "2026-08-15 01:00",
        "LastUpdate_TH": "15 ส.ค. 2569, 01:00",
        "LastUpdate_EN": "15 Aug,2026 01:00",
        "StationActive": "2008-03-14 14:00",
        "Status": "OFFLINE (1 วัน)",
        "Comment": null,
        "GroupCode": "9",
        "WD": null,
        "WS": null,
        "TEMP": null,
        "RH": null,
        "BP": null,
        "RAIN": null,
        "SRAD": null,
        "PM25": null,
        "PM10": null,
        "TSP": null,
        "SO2": null,
        "NO2": null,
        "NOx": null,
        "NO": null,
        "CO": null,
        "AQI": null,
        "H2S": null,
        "CH4": null,
        "NMHC": null,
        "THC": null
      }
    },
    {
      "type": "Feature",
      "geometry": {
        "type": "Point",
        "coordinates": [
          100.643271291,
          13.5414771856
        ]
      },
      "properties": {
        "Code": "10",
        "StationShort": "BANGPOO-AS1",
        "StationTH": "สถานีตรวจวัดคุณภาพน้ำ AS1",
        "StationEN": "BANGPOO-AS1",
        "IndustryZone": "บางปู",
        "Zone": "สายปฏิบัติการ 1",
        "StationType": "WQMS",
        "TimeBase": null,
        "LastUpdate": "2026-08-16 10:59",
        "LastUpdate_TH": "16 ส.ค. 2569, 10:59",
        "LastUpdate_EN": "16 Aug,2026 10:59",
        "StationActive": "2019-12-19 17:00",
        "Status": "ONLINE",
        "Comment": "pH ไม่อยู่ในเกณฑ์มาตรฐาน จำนวน 77 วัน",
        "GroupCode": "16",
        "WD": null,
        "WS": null,
        "TEMP": 33.81,
        "RH": null,
        "BP": null,
        "RAIN": null,
        "SRAD": null,
        "PM25": null,
        "PM10": null,
        "TSP": null,
        "SO2": null,
        "NO2": null,
        "NOx": null,
        "NO": null,
        "CO": null,
        "AQI": null,
        "H2S": null,
        "CH4": null,
        "NMHC": null,
        "THC": null
      }
    },
    {
      "type": "Feature",
      "geometry": {
        "type": "Point",
        "coordinates": [
          100.667972,
          13.551726
        ]
      },
      "properties": {
        "Code": "11",
        "StationShort": "BANGPOO-AS2",
        "StationTH": "สถานีตรวจวัดคุณภาพน้ำ AS2",
        "StationEN": "BANGPOO-AS2",
        "IndustryZone": "บางปู",
        "Zone": "สายปฏิบัติการ 1",
        "StationType": "WQMS",
        "TimeBase": null,
        "LastUpdate": "2026-08-16 10:59",
        "LastUpdate_TH": "16 ส.ค. 2569, 10:59",
        "LastUpdate_EN": "16 Aug,2026 10:59",
        "StationActive": "2019-12-20 10:00",
        "Status": "ONLINE",
        "Comment": "pH ไม่อยู่ในเกณฑ์มาตรฐาน จำนวน 77 วัน",
        "GroupCode": "16",
        "WD": null,
        "WS": null,
        "TEMP": 31.55,
        "RH": null,
        "BP": null,
        "RAIN": null,
        "SRAD": null,
        "PM25": null,
        "PM10": null,
        "TSP": null,
        "SO2": null,
        "NO2": null,
        "NOx": null,
        "NO": null,
        "CO": null,
        "AQI": null,
        "H2S": null,
        "CH4": null,
        "NMHC": null,
        "THC": null
      }
    },
    {
      "type": "Feature",
      "geometry": {
        "type": "Point",
        "coordinates": [
          100.661062045,
          13.5594354537
        ]
      },
      "properties": {
        "Code": "12",
        "StationShort": "BANGPOO-RBC",
        "StationTH": "สถานีตรวจวัดคุณภาพน้ำ RBC",
        "StationEN": "BANGPOO-RBC",
        "IndustryZone": "บางปู",
        "Zone": "สายปฏิบัติการ 1",
        "StationType": "WQMS",
        "TimeBase": null,
        "LastUpdate": "2026-08-16 10:59",
        "LastUpdate_TH": "16 ส.ค. 2569, 10:59",
        "LastUpdate_EN": "16 Aug,2026 10:59",
        "StationActive": "2019-12-16 18:00",
        "Status": "ONLINE",
        "Comment": "pH ไม่อยู่ในเกณฑ์มาตรฐาน จำนวน 77 วัน",
        "GroupCode": "16",
        "WD": null,
        "WS": null,
        "TEMP": 32.47,
        "RH": null,
        "BP": null,
        "RAIN": null,
        "SRAD": null,
        "PM25": null,
        "PM10": null,
        "TSP": null,
        "SO2": null,
        "NO2": null,
        "NOx": null,
        "NO": null,
        "CO": null,
        "AQI": null,
        "H2S": null,
        "CH4": null,
        "NMHC": null,
        "THC": null
      }
    },
    {
      "type": "Feature",
      "geometry": {
        "type": "Point",
        "coordinates": [
          100.98968894,
          13.1152913047
        ]
      },
      "properties": {
        "Code": "27",
        "StationShort": "Pinthong1",
        "StationTH": "สถานีตรวจวัดคุณภาพน้ำ บริเวณนิคมฯปิ่นทอง 1",
        "StationEN": "Pinthong1",
        "IndustryZone": "ปิ่นทอง",
        "Zone": "สายปฏิบัติการ 2",
        "StationType": "WQMS",
        "TimeBase": null,
        "LastUpdate": "2026-03-21 01:01",
        "LastUpdate_TH": "21 มี.ค. 2569, 01:01",
        "LastUpdate_EN": "21 Mar,2026 01:01",
        "StationActive": "1900-01-01 00:00",
        "Status": "OFFLINE (148 วัน)",
        "Comment": "อุปกรณ์ และอินเตอร์เนตมีปัญหา  อยู่ระหว่างการแก้ไข ไม่มีการอัปเดต\nตั้งแต่วันที่ 21/3/2568",
        "GroupCode": "11",
        "WD": null,
        "WS": null,
        "TEMP": null,
        "RH": null,
        "BP": null,
        "RAIN": null,
        "SRAD": null,
        "PM25": null,
        "PM10": null,
        "TSP": null,
        "SO2": null,
        "NO2": null,
        "NOx": null,
        "NO": null,
        "CO": null,
        "AQI": null,
        "H2S": null,
        "CH4": null,
        "NMHC": null,
        "THC": null
      }
    },
    {
      "type": "Feature",
      "geometry": {
        "type": "Point",
        "coordinates": [
          101.031061743,
          13.1093241389
        ]
      },
      "properties": {
        "Code": "30",
        "StationShort": "Pinthong2",
        "StationTH": "สถานีตรวจวัดคุณภาพน้ำ บริเวณนิคมฯปิ่นทอง 2",
        "StationEN": "Pinthong2",
        "IndustryZone": "ปิ่นทอง",
        "Zone": "สายปฏิบัติการ 2",
        "StationType": "WQMS",
        "TimeBase": null,
        "LastUpdate": "2026-03-21 01:01",
        "LastUpdate_TH": "21 มี.ค. 2569, 01:01",
        "LastUpdate_EN": "21 Mar,2026 01:01",
        "StationActive": "1900-01-01 00:00",
        "Status": "OFFLINE (148 วัน)",
        "Comment": "อุปกรณ์ และอินเตอร์เนตมีปัญหา  อยู่ระหว่างการแก้ไข ไม่มีการอัปเดต\nตั้งแต่วันที่ 21/3/2568",
        "GroupCode": "11",
        "WD": null,
        "WS": null,
        "TEMP": null,
        "RH": null,
        "BP": null,
        "RAIN": null,
        "SRAD": null,
        "PM25": null,
        "PM10": null,
        "TSP": null,
        "SO2": null,
        "NO2": null,
        "NOx": null,
        "NO": null,
        "CO": null,
        "AQI": null,
        "H2S": null,
        "CH4": null,
        "NMHC": null,
        "THC": null
      }
    },
    {
      "type": "Feature",
      "geometry": {
        "type": "Point",
        "coordinates": [
          101.143921,
          12.707042
        ]
      },
      "properties": {
        "Code": "57",
        "StationShort": "WT1",
        "StationTH": "สถานีน้ำต้นคลองชากหมาก",
        "StationEN": "WT1",
        "IndustryZone": "มาบตาพุด",
        "Zone": "สายปฏิบัติการ 3",
        "StationType": "WQMS",
        "TimeBase": null,
        "LastUpdate": "2026-08-16 11:00",
        "LastUpdate_TH": "16 ส.ค. 2569, 11:00",
        "LastUpdate_EN": "16 Aug,2026 11:00",
        "StationActive": "2009-11-01 00:00",
        "Status": "ONLINE",
        "Comment": null,
        "GroupCode": "6",
        "WD": null,
        "WS": null,
        "TEMP": 22.62,
        "RH": null,
        "BP": null,
        "RAIN": null,
        "SRAD": null,
        "PM25": null,
        "PM10": null,
        "TSP": null,
        "SO2": null,
        "NO2": null,
        "NOx": null,
        "NO": null,
        "CO": null,
        "AQI": null,
        "H2S": null,
        "CH4": null,
        "NMHC": null,
        "THC": null
      }
    },
    {
      "type": "Feature",
      "geometry": {
        "type": "Point",
        "coordinates": [
          101.157603,
          12.679146
        ]
      },
      "properties": {
        "Code": "95",
        "StationShort": "WT2(new)",
        "StationTH": "สถานีน้ำปลายคลองชากหมาก",
        "StationEN": "WT2(new)",
        "IndustryZone": "มาบตาพุด",
        "Zone": "สายปฏิบัติการ 3",
        "StationType": "WQMS",
        "TimeBase": null,
        "LastUpdate": "2026-08-16 11:00",
        "LastUpdate_TH": "16 ส.ค. 2569, 11:00",
        "LastUpdate_EN": "16 Aug,2026 11:00",
        "StationActive": "2011-11-01 00:00",
        "Status": "ONLINE",
        "Comment": null,
        "GroupCode": "6",
        "WD": null,
        "WS": null,
        "TEMP": 28.4,
        "RH": null,
        "BP": null,
        "RAIN": null,
        "SRAD": null,
        "PM25": null,
        "PM10": null,
        "TSP": null,
        "SO2": null,
        "NO2": null,
        "NOx": null,
        "NO": null,
        "CO": null,
        "AQI": null,
        "H2S": null,
        "CH4": null,
        "NMHC": null,
        "THC": null
      }
    },
    {
      "type": "Feature",
      "geometry": {
        "type": "Point",
        "coordinates": [
          100.36146,
          7.001016
        ]
      },
      "properties": {
        "Code": "213",
        "StationShort": "Southern WS1",
        "StationTH": "สถานีน้ำนิคมฯ ภาคใต้",
        "StationEN": "Southern WS1",
        "IndustryZone": "ภาคใต้",
        "Zone": "สายปฏิบัติการ 1",
        "StationType": "WQMS",
        "TimeBase": null,
        "LastUpdate": "2025-02-23 00:00",
        "LastUpdate_TH": "23 ก.พ. 2568, 00:00",
        "LastUpdate_EN": "23 Feb,2025 00:00",
        "StationActive": "2017-12-07 12:00",
        "Status": "OFFLINE (539 วัน)",
        "Comment": "เครื่องตรวจวัดชำรุด อยู่ระหว่างรองบประมาณซ่อมบำรุง ไม่มีการอัปเดตตั้งแต่วันที่ 22/2/2568",
        "GroupCode": "18",
        "WD": null,
        "WS": null,
        "TEMP": null,
        "RH": null,
        "BP": null,
        "RAIN": null,
        "SRAD": null,
        "PM25": null,
        "PM10": null,
        "TSP": null,
        "SO2": null,
        "NO2": null,
        "NOx": null,
        "NO": null,
        "CO": null,
        "AQI": null,
        "H2S": null,
        "CH4": null,
        "NMHC": null,
        "THC": null
      }
    },
    {
      "type": "Feature",
      "geometry": {
        "type": "Point",
        "coordinates": [
          100.36146,
          7.001016
        ]
      },
      "properties": {
        "Code": "267",
        "StationShort": "Southen  WS2",
        "StationTH": "สถานีน้ำภาคใต้ WS2",
        "StationEN": "Southen WS2",
        "IndustryZone": "ภาคใต้",
        "Zone": "สายปฏิบัติการ 1",
        "StationType": "WQMS",
        "TimeBase": null,
        "LastUpdate": "2025-09-18 03:00",
        "LastUpdate_TH": "18 ก.ย. 2568, 03:00",
        "LastUpdate_EN": "18 Sep,2025 03:00",
        "StationActive": "2023-01-02 08:00",
        "Status": "OFFLINE (332 วัน)",
        "Comment": "เครื่องตรวจวัดชำรุด อยู่ระหว่างรองบประมาณซ่อมบำรุง ไม่มีการอัปเดตตั้งแต่วันที่ 22/2/2568",
        "GroupCode": "18",
        "WD": null,
        "WS": null,
        "TEMP": null,
        "RH": null,
        "BP": null,
        "RAIN": null,
        "SRAD": null,
        "PM25": null,
        "PM10": null,
        "TSP": null,
        "SO2": null,
        "NO2": null,
        "NOx": null,
        "NO": null,
        "CO": null,
        "AQI": null,
        "H2S": null,
        "CH4": null,
        "NMHC": null,
        "THC": null
      }
    },
    {
      "type": "Feature",
      "geometry": {
        "type": "Point",
        "coordinates": [
          100.796919564016,
          13.577009124059915
        ]
      },
      "properties": {
        "Code": "301",
        "StationShort": "Bang Phli  EDS",
        "StationTH": "บางพลี นํ้าทิ้งออกจากระบบ",
        "StationEN": "Bang Phli  EDS",
        "IndustryZone": "บางพลี",
        "Zone": "สายปฏิบัติการ 1",
        "StationType": "WQMS",
        "TimeBase": null,
        "LastUpdate": "2026-08-16 11:00",
        "LastUpdate_TH": "16 ส.ค. 2569, 11:00",
        "LastUpdate_EN": "16 Aug,2026 11:00",
        "StationActive": "2025-02-24 09:20",
        "Status": "ONLINE",
        "Comment": null,
        "GroupCode": "17",
        "WD": null,
        "WS": null,
        "TEMP": null,
        "RH": null,
        "BP": null,
        "RAIN": null,
        "SRAD": null,
        "PM25": null,
        "PM10": null,
        "TSP": null,
        "SO2": null,
        "NO2": null,
        "NOx": null,
        "NO": null,
        "CO": null,
        "AQI": null,
        "H2S": null,
        "CH4": null,
        "NMHC": null,
        "THC": null
      }
    },
    {
      "type": "Feature",
      "geometry": {
        "type": "Point",
        "coordinates": [
          100.14865642613317,
          16.57614457749813
        ]
      },
      "properties": {
        "Code": "303",
        "StationShort": "Phichit EDS",
        "StationTH": "พิจิตร นํ้าทิ้งออกจากระบบ",
        "StationEN": "Phichit EDS",
        "IndustryZone": "พิจิตร",
        "Zone": "สายปฏิบัติการ 1",
        "StationType": "WQMS",
        "TimeBase": null,
        "LastUpdate": "2026-08-16 11:00",
        "LastUpdate_TH": "16 ส.ค. 2569, 11:00",
        "LastUpdate_EN": "16 Aug,2026 11:00",
        "StationActive": "2025-02-24 09:20",
        "Status": "ONLINE",
        "Comment": null,
        "GroupCode": "19",
        "WD": null,
        "WS": null,
        "TEMP": null,
        "RH": null,
        "BP": null,
        "RAIN": null,
        "SRAD": null,
        "PM25": null,
        "PM10": null,
        "TSP": null,
        "SO2": null,
        "NO2": null,
        "NOx": null,
        "NO": null,
        "CO": null,
        "AQI": null,
        "H2S": null,
        "CH4": null,
        "NMHC": null,
        "THC": null
      }
    },
    {
      "type": "Feature",
      "geometry": {
        "type": "Point",
        "coordinates": [
          99.04450428516228,
          18.59172594348903
        ]
      },
      "properties": {
        "Code": "307",
        "StationShort": "Station 307",
        "StationTH": "ภาคเหนือ นํ้าทิ้งออกจากระบบ",
        "StationEN": "Northen EDS",
        "IndustryZone": "ภาคเหนือ",
        "Zone": "สายปฏิบัติการ 1",
        "StationType": "WQMS",
        "TimeBase": null,
        "LastUpdate": "2026-08-16 11:00",
        "LastUpdate_TH": "16 ส.ค. 2569, 11:00",
        "LastUpdate_EN": "16 Aug,2026 11:00",
        "StationActive": "2025-02-24 09:40",
        "Status": "ONLINE",
        "Comment": null,
        "GroupCode": "24",
        "WD": null,
        "WS": null,
        "TEMP": null,
        "RH": null,
        "BP": null,
        "RAIN": null,
        "SRAD": null,
        "PM25": null,
        "PM10": null,
        "TSP": null,
        "SO2": null,
        "NO2": null,
        "NOx": null,
        "NO": null,
        "CO": null,
        "AQI": null,
        "H2S": null,
        "CH4": null,
        "NMHC": null,
        "THC": null
      }
    },
    {
      "type": "Feature",
      "geometry": {
        "type": "Point",
        "coordinates": [
          101.13176313550127,
          12.678500631295726
        ]
      },
      "properties": {
        "Code": "309",
        "StationShort": "MTP EDS",
        "StationTH": "มาบตาพุต นํ้าทิ้งออกจากระบบ",
        "StationEN": "MTP EDS",
        "IndustryZone": "มาบตาพุด",
        "Zone": "สายปฏิบัติการ 3",
        "StationType": "WQMS",
        "TimeBase": null,
        "LastUpdate": "2026-08-16 11:00",
        "LastUpdate_TH": "16 ส.ค. 2569, 11:00",
        "LastUpdate_EN": "16 Aug,2026 11:00",
        "StationActive": "2025-02-24 09:40",
        "Status": "ONLINE",
        "Comment": null,
        "GroupCode": "6",
        "WD": null,
        "WS": null,
        "TEMP": null,
        "RH": null,
        "BP": null,
        "RAIN": null,
        "SRAD": null,
        "PM25": null,
        "PM10": null,
        "TSP": null,
        "SO2": null,
        "NO2": null,
        "NOx": null,
        "NO": null,
        "CO": null,
        "AQI": null,
        "H2S": null,
        "CH4": null,
        "NMHC": null,
        "THC": null
      }
    },
    {
      "type": "Feature",
      "geometry": {
        "type": "Point",
        "coordinates": [
          100.35981003762544,
          7.00832396914746
        ]
      },
      "properties": {
        "Code": "315",
        "StationShort": "Songkhla EDS",
        "StationTH": "สงขลา นํ้าทิ้งออกจากระบบ",
        "StationEN": "Songkhla EDS",
        "IndustryZone": "สงขลา",
        "Zone": "สายปฏิบัติการ 1",
        "StationType": "WQMS",
        "TimeBase": null,
        "LastUpdate": "2026-08-10 14:20",
        "LastUpdate_TH": "10 ส.ค. 2569, 14:20",
        "LastUpdate_EN": "10 Aug,2026 14:20",
        "StationActive": "2025-02-24 09:40",
        "Status": "OFFLINE (6 วัน)",
        "Comment": "อยู่ระหว่างตรวจสอบหาสาเหตุ ไม่มีการอัปเดต ตั้งแต่วันที่ 10/8/2569",
        "GroupCode": "36",
        "WD": null,
        "WS": null,
        "TEMP": null,
        "RH": null,
        "BP": null,
        "RAIN": null,
        "SRAD": null,
        "PM25": null,
        "PM10": null,
        "TSP": null,
        "SO2": null,
        "NO2": null,
        "NOx": null,
        "NO": null,
        "CO": null,
        "AQI": null,
        "H2S": null,
        "CH4": null,
        "NMHC": null,
        "THC": null
      }
    },
    {
      "type": "Feature",
      "geometry": {
        "type": "Point",
        "coordinates": [
          100.2329980123358,
          13.54419567088704
        ]
      },
      "properties": {
        "Code": "318",
        "StationShort": "Samut Sakhon EDS",
        "StationTH": "สมุทรสาคร นํ้าทิ้งออกจากระบบ",
        "StationEN": "Samut Sakhon EDS",
        "IndustryZone": "สมุทรสาคร",
        "Zone": "สายปฏิบัติการ 1",
        "StationType": "WQMS",
        "TimeBase": null,
        "LastUpdate": "2026-08-16 11:00",
        "LastUpdate_TH": "16 ส.ค. 2569, 11:00",
        "LastUpdate_EN": "16 Aug,2026 11:00",
        "StationActive": "2025-02-24 09:40",
        "Status": "ONLINE",
        "Comment": "BOD และ COD เกินค่ามาตรฐาน จำนวน 2 วัน",
        "GroupCode": "23",
        "WD": null,
        "WS": null,
        "TEMP": null,
        "RH": null,
        "BP": null,
        "RAIN": null,
        "SRAD": null,
        "PM25": null,
        "PM10": null,
        "TSP": null,
        "SO2": null,
        "NO2": null,
        "NOx": null,
        "NO": null,
        "CO": null,
        "AQI": null,
        "H2S": null,
        "CH4": null,
        "NMHC": null,
        "THC": null
      }
    },
    {
      "type": "Feature",
      "geometry": {
        "type": "Point",
        "coordinates": [
          102.55486612607392,
          13.724430304384054
        ]
      },
      "properties": {
        "Code": "320",
        "StationShort": "Sa Kaeo EDS",
        "StationTH": "สระแก้ว นํ้าทิ้งออกจากระบบ",
        "StationEN": "Sa Kaeo EDS",
        "IndustryZone": "สระแก้ว",
        "Zone": "สายปฏิบัติการ 2",
        "StationType": "WQMS",
        "TimeBase": null,
        "LastUpdate": "2026-08-10 14:20",
        "LastUpdate_TH": "10 ส.ค. 2569, 14:20",
        "LastUpdate_EN": "10 Aug,2026 14:20",
        "StationActive": "2025-02-24 09:40",
        "Status": "OFFLINE (6 วัน)",
        "Comment": "อยู่ระหว่างตรวจสอบหาสาเหตุ ไม่มีการอัปเดต ตั้งแต่วันที่ 10/8/2569",
        "GroupCode": "37",
        "WD": null,
        "WS": null,
        "TEMP": null,
        "RH": null,
        "BP": null,
        "RAIN": null,
        "SRAD": null,
        "PM25": null,
        "PM10": null,
        "TSP": null,
        "SO2": null,
        "NO2": null,
        "NOx": null,
        "NO": null,
        "CO": null,
        "AQI": null,
        "H2S": null,
        "CH4": null,
        "NMHC": null,
        "THC": null
      }
    },
    {
      "type": "Feature",
      "geometry": {
        "type": "Point",
        "coordinates": [
          100.36738537791183,
          7.019892216666753
        ]
      },
      "properties": {
        "Code": "323",
        "StationShort": "TDIC",
        "StationTH": "บจก. ทีดิก เซาท์",
        "StationEN": "TDIC SOUTH",
        "IndustryZone": "ภาคใต้",
        "Zone": "สายปฏิบัติการ 1",
        "StationType": "WQMS",
        "TimeBase": null,
        "LastUpdate": "2026-08-16 11:00",
        "LastUpdate_TH": "16 ส.ค. 2569, 11:00",
        "LastUpdate_EN": "16 Aug,2026 11:00",
        "StationActive": "2026-02-13 14:00",
        "Status": "ONLINE",
        "Comment": null,
        "GroupCode": "18",
        "WD": null,
        "WS": null,
        "TEMP": 29.39,
        "RH": null,
        "BP": null,
        "RAIN": null,
        "SRAD": null,
        "PM25": null,
        "PM10": null,
        "TSP": null,
        "SO2": null,
        "NO2": null,
        "NOx": null,
        "NO": null,
        "CO": null,
        "AQI": null,
        "H2S": null,
        "CH4": null,
        "NMHC": null,
        "THC": null
      }
    }
  ]
}
